0xCDB2D9;0x2026;ELLIPSIS_ICN
0xC14973;0x2190;LEFT_ARROW_ICN
0x850C3D;0x2191;UP_ARROW_ICN
0xB8F8AD;0x2192;RIGHT_ARROW_ICN
0x7DEF65;0x2193;DOWN_ARROW_ICN
0xBDFB4C;0x21D6;LEFT_UP_ARROW_ICN
0x668B74;0x21D8;RIGHT_DOWN_ARROW_ICN
0x8F1680;0xE541;C_UI_WEEKVIEW_CURSOR_ICN
0xAFC337;0xE542;C_UI_WEEKVIEW_HOURS_24_ICN
0x5B9EC9;0xE543;C_UI_WEEKVIEW_HOURS_AM_PM_ICN
0xB83E6A;0xE544;C_UI_WEEKVIEW_TODAY_ICN
0x94768E;0xE545;CHINESE_CAL_FIVE_ICN
0x94D6DB;0xE546;CHINESE_CAL_FOUR_ICN
0xCC4710;0xE547;CHINESE_CAL_ONE_ICN
0xB44552;0xE548;CHINESE_CAL_SEVEN_ICN
0xCC067F;0xE549;CHINESE_CAL_SIX_ICN
0xC8054A;0xE54A;CHINESE_CAL_THREE_ICN
0xCC1AC6;0xE54B;CHINESE_CAL_TWO_ICN
0x29B2D4;0xE54C;CHINESE_CAL_WEEK_ICN
0xAD5CA6;0xE54D;CHINESE_DAY2_ICN
0xBFC240;0xE54E;CHINESE_MONTH2_ICN
0xE9C500;0xE54F;CHINESE_WEEKVIEW_FIVE_ICN
0xE96555;0xE550;CHINESE_WEEKVIEW_FOUR_ICN
0xE32517;0xE551;CHINESE_WEEKVIEW_HOURS_12_ICN
0xE325D1;0xE552;CHINESE_WEEKVIEW_HOURS_24_ICN
0xF5B1DE;0xE553;CHINESE_WEEKVIEW_ONE_ICN
0xD8A6CD;0xE554;CHINESE_WEEKVIEW_SEVEN_ICN
0xF5F0B1;0xE555;CHINESE_WEEKVIEW_SIX_ICN
0xA4E6D5;0xE556;CHINESE_WEEKVIEW_THREE_ICN
0xF5EC08;0xE557;CHINESE_WEEKVIEW_TWO_ICN
0x9C4935;0xE558;CHINESE_YEAR2_ICN
0x450250;0xE559;GENERAL_BULLET_LIST_CIRCLE_ICN
0xD5BF95;0xE55A;GENERAL_BULLET_LIST_DISC_ICN
0x5165D8;0xE55B;GENERAL_BULLET_LIST_SQUARE_ICN
0xE0F81C;0xE55C;STANDBY_DATE_CJK_DAY_ICN
0x6AC340;0xE55D;STANDBY_DATE_CJK_MONTH_ICN
0x5BABD0;0xE55E;STANDBY_DATE_CJK_YEAR_ICN
0xC82919;0xE55F;ACCESS_0_ICN
0xC82918;0xE560;ACCESS_1_ICN
0xC8291B;0xE561;ACCESS_2_ICN
0xC8291A;0xE562;ACCESS_3_ICN
0xC8291D;0xE563;ACCESS_4_ICN
0xC8291C;0xE564;ACCESS_5_ICN
0xC8291F;0xE565;ACCESS_6_ICN
0xC8291E;0xE566;ACCESS_7_ICN
0xC82911;0xE567;ACCESS_8_ICN
0xC82910;0xE568;ACCESS_9_ICN
0xAB0155;0xE569;ACCESS_SQUARE_ICN
0xD995A4;0xE56A;ACCESS_STAR_ICN
0xD06663;0xE56B;ACCESSORY_ICN
0xE2379B;0xE56C;ALARM_ON_ICN
0xE9609E;0xE56D;ALARMBELL_ICN
0x0154E0;0xE56E;ALL_DAY_ICN
0x9A7C46;0xE56F;APPOINTMENT_REMINDER_SLEEPMODE_ICN
0xEF8028;0xE570;ASR_EXTERNAL_ICN
0x91840C;0xE571;ASR_ICN
0xE0A064;0xE572;AT_SIGN_ICN
0xE1E8E0;0xE573;BLOG_BLOGTHIS_MOREMENU_ICN
0xFBEC88;0xE574;BLOG_EDITOR_BACKGROUND_ICN
0x839841;0xE575;BLOG_EDITOR_HEADER_ICN
0x5B2681;0xE576;BLOG_EDITOR_INPUTSTATUS_ICN
0xBBA15D;0xE577;BLOG_PUBLISHING_ICN
0x9590DE;0xE578;BREAK_WORD_WRAP_SWITCH_ICN
0xA9BBB9;0xE579;BT_ACCESS_POINT_ICN
0x5ED85D;0xE57A;BT_ACTIVE_HANDSFREE_CONNECTED_ICN
0x7C1E3C;0xE57B;BT_ACTIVE_PC_CONNECTED_ICN
0x76779D;0xE57C;BT_AD_HOC_ICN
0xBF86DC;0xE57D;BT_CAMERA_ICN
0x8183D8;0xE57E;BT_CAR_HANDSFREE_ICN
0xC73E0F;0xE57F;BT_CONNECTION_ACTIVE_ICN
0x02D8C6;0xE580;BT_EXTERNAL_SCREEN_ICN
0xB3B35F;0xE581;BT_FOLDER_ICN
0xA1DA35;0xE582;BT_KEYBOARD_ICN
0x82B04F;0xE583;BT_LAPTOP_ICN
0xDD1D0F;0xE584;BT_MOUSE_ICN
0x547FF6;0xE585;BT_PAIRED_ACCESS_POINT_ICN
0xFB7900;0xE586;BT_PAIRED_CAMERA_ICN
0xF09027;0xE587;BT_PAIRED_CAR_HANDSFREE_ICN
0x3D2FD7;0xE588;BT_PAIRED_EXTERNAL_SCREEN_ICN
0x0A06CC;0xE589;BT_PAIRED_HEADSET_ICN
0x0572BC;0xE58A;BT_PAIRED_HOMEBASE_ICN
0xC64F93;0xE58B;BT_PAIRED_LAPTOP_ICN
0xB8FA6B;0xE58C;BT_PAIRED_OTHER_ICN
0xA39A8C;0xE58D;BT_PAIRED_PC_ICN
0x3F4591;0xE58E;BT_PAIRED_PDA_ICN
0x886C3F;0xE58F;BT_PAIRED_PHONE_ICN
0x629392;0xE590;BT_PAIRED_PRINTER_ICN
0x2BD6B2;0xE591;BT_PAIRED_VIDEO_CAMERA_ICN
0x92BB5C;0xE592;BT_PORT_ACTIVATED_ICN
0xEF023F;0xE593;BT_SEARCHING_DEVICE_ICN
0xD612FD;0xE594;BT_VIDEO_CAMERA_ICN
0x9054FB;0xE595;BULLET_LIST_ICN
0xDBAAD9;0xE596;C_UI_3G_ICN
0x65EF0D;0xE597;C_UI_BATTERY_CHARGING_ICN
0x413F86;0xE598;C_UI_BATTERY_LEV0_ICN
0x413F87;0xE599;C_UI_BATTERY_LEV1_ICN
0x960723;0xE59A;C_UI_BATTERY_LEV10_ICN
0x413F84;0xE59B;C_UI_BATTERY_LEV2_ICN
0x413F85;0xE59C;C_UI_BATTERY_LEV3_ICN
0x413F82;0xE59D;C_UI_BATTERY_LEV4_ICN
0x413F83;0xE59E;C_UI_BATTERY_LEV5_ICN
0x413F80;0xE59F;C_UI_BATTERY_LEV6_ICN
0x413F81;0xE5A0;C_UI_BATTERY_LEV7_ICN
0x413F8E;0xE5A1;C_UI_BATTERY_LEV8_ICN
0x413F8F;0xE5A2;C_UI_BATTERY_LEV9_ICN
0xA03A3D;0xE5A3;C_UI_EDGE_ATT_LEV0_ICN
0xA03A3C;0xE5A4;C_UI_EDGE_ATT_LEV1_ICN
0xA03A3F;0xE5A5;C_UI_EDGE_ATT_LEV2_ICN
0xA03A3E;0xE5A6;C_UI_EDGE_ATT_LEV3_ICN
0xA03A39;0xE5A7;C_UI_EDGE_ATT_LEV4_ICN
0xA03A38;0xE5A8;C_UI_EDGE_ATT_LEV5_ICN
0x7407EE;0xE5A9;C_UI_EDGE_AVAIL_LEV0_ICN
0x7407EF;0xE5AA;C_UI_EDGE_AVAIL_LEV1_ICN
0x7407EC;0xE5AB;C_UI_EDGE_AVAIL_LEV2_ICN
0x7407ED;0xE5AC;C_UI_EDGE_AVAIL_LEV3_ICN
0x7407EA;0xE5AD;C_UI_EDGE_AVAIL_LEV4_ICN
0x7407EB;0xE5AE;C_UI_EDGE_AVAIL_LEV5_ICN
0xF08EA3;0xE5AF;C_UI_GPRS_ATT_LEV0_ICN
0xF08EA2;0xE5B0;C_UI_GPRS_ATT_LEV1_ICN
0xF08EA1;0xE5B1;C_UI_GPRS_ATT_LEV2_ICN
0xF08EA0;0xE5B2;C_UI_GPRS_ATT_LEV3_ICN
0xF08EA7;0xE5B3;C_UI_GPRS_ATT_LEV4_ICN
0xF08EA6;0xE5B4;C_UI_GPRS_ATT_LEV5_ICN
0xB64E48;0xE5B5;C_UI_GPRS_DET_LEV10_ICN
0xB64E49;0xE5B6;C_UI_GPRS_DET_LEV11_ICN
0xEDBEA5;0xE5B7;C_UI_GPRS_DET_LEV6_ICN
0xEDBEA4;0xE5B8;C_UI_GPRS_DET_LEV7_ICN
0xEDBEAB;0xE5B9;C_UI_GPRS_DET_LEV8_ICN
0xEDBEAA;0xE5BA;C_UI_GPRS_DET_LEV9_ICN
0xCD2A4C;0xE5BB;C_UI_RSSI_LEV0_ICN
0xCD2A4D;0xE5BC;C_UI_RSSI_LEV1_ICN
0xCD2A4E;0xE5BD;C_UI_RSSI_LEV2_ICN
0xCD2A4F;0xE5BE;C_UI_RSSI_LEV3_ICN
0xCD2A48;0xE5BF;C_UI_RSSI_LEV4_ICN
0xCD2A49;0xE5C0;C_UI_RSSI_LEV5_ICN
0xBAD12D;0xE5C1;C_UI_WEEKVIEW_ARROW_DOWN_ICN
0x33F569;0xE5C2;C_UI_WEEKVIEW_ARROW_UP_ICN
0x86A670;0xE5C3;CAL_SMALL_AM_ICN
0x86A2B0;0xE5C4;CAL_SMALL_PM_ICN
0x2DC2BE;0xE5C5;CALC_CALCULATOR_MENU_ICN
0xC0A5DA;0xE5C6;CALC_MENUBAR_BACKGROUND_ICN
0xD52799;0xE5C7;CALC_MENUBAR_HIGHLIGHT_ICN
0xC4478E;0xE5C8;CALC_MENUBAR_OPERATORS_ICN
0xC1C40B;0xE5C9;CALE_APPOINTMENT_POPUP_ICN
0xC6F293;0xE5CA;CALE_BIRTHDAY_RECURRENCE_ICN
0xD59487;0xE5CB;CALE_CALENDAR_2ND_ROW_ICN
0x80D9BC;0xE5CC;CALE_CALENDAR_MENU_ICN
0xAE5411;0xE5CD;CALE_EDIT_APPOINT_2ND_TAB_HIGHLIGHT_ICN
0x70D0E0;0xE5CE;CALE_EDIT_APPOINT_2ND_TAB_ICN
0xE2A798;0xE5CF;CALE_EDIT_APPOINT_GENERAL_TAB_HIGHLIGHT_ICN
0x48442F;0xE5D0;CALE_EDIT_APPOINT_GENERAL_TAB_ICN
0xBC0CE8;0xE5D1;CALE_INCOMING_CALENDAR_ICN
0x679457;0xE5D2;CALE_LUNAR_12ANIMALS_10TH_ROOSTER_ICN
0x1737C4;0xE5D3;CALE_LUNAR_12ANIMALS_11TH_DOG_ICN
0x164544;0xE5D4;CALE_LUNAR_12ANIMALS_12TH_PIG_ICN
0x34798A;0xE5D5;CALE_LUNAR_12ANIMALS_1ST_MOUSE_ICN
0xFE448C;0xE5D6;CALE_LUNAR_12ANIMALS_2ND_OX_ICN
0x019D16;0xE5D7;CALE_LUNAR_12ANIMALS_3RD_TIGER_ICN
0xA2F170;0xE5D8;CALE_LUNAR_12ANIMALS_4TH_RABBIT_ICN
0xA7462B;0xE5D9;CALE_LUNAR_12ANIMALS_5TH_DRAGON_ICN
0x0DFB87;0xE5DA;CALE_LUNAR_12ANIMALS_6TH_SNAKE_ICN
0x30E98B;0xE5DB;CALE_LUNAR_12ANIMALS_7TH_HORSE_ICN
0x15BD1E;0xE5DC;CALE_LUNAR_12ANIMALS_8TH_SHEEP_ICN
0xD3065D;0xE5DD;CALE_LUNAR_12ANIMALS_9TH_MONKEY_ICN
0x98E00A;0xE5DE;CALE_PRI_HIGH_ICN
0xA146AB;0xE5DF;CALE_PRI_LOW_ICN
0x8C8094;0xE5E0;CALE_PRI_NORMAL_ICN
0xA33299;0xE5E1;CALE_RECURRENCE_ICN
0x91EB40;0xE5E2;CALE_RECURRENT_ICN
0x8846B6;0xE5E3;CALE_REMINDER_ICN
0xD4FC1E;0xE5E4;CALE_RN_APPOINTMENT_STATUS_ICN
0x41E548;0xE5E5;CALE_RN_TASK_STATUS_ICN
0x825A1C;0xE5E6;CALE_TASK_COMPLETED_ICN
0xB4B8C5;0xE5E7;CALE_TASK_MISC_2ND_ROW_ICN
0xB52B28;0xE5E8;CALE_TASK_MISC_ICN
0x734FD7;0xE5E9;CALE_TASK_MISC_POPUP_ICN
0xAE5CA7;0xE5EA;CALE_TASK_PHONECALL_2ND_ROW_ICN
0xAFCF4A;0xE5EB;CALE_TASK_PHONECALL_ICN
0x356E79;0xE5EC;CALE_TASK_PHONECALL_POPUP_ICN
0xC6C420;0xE5ED;CALE_TODOS_MENU_ICN
0x8B3B3E;0xE5EE;CALE_XD_NEXT_MEETING_ICN
0x256E69;0xE5EF;CALL_BT_HF_CONNECTED_ICN
0xB90199;0xE5F0;CALLS_ALL_TAB_ICN
0xA5D5FB;0xE5F1;CALLS_ALL_TAB_INACTIVE_ICN
0xD421F1;0xE5F2;CALLS_INCOMING_ICN
0x45F37A;0xE5F3;CALLS_INCOMING_TAB_ICN
0x996D04;0xE5F4;CALLS_INCOMING_TAB_INACTIVE_ICN
0xF79DC0;0xE5F5;CALLS_INCOMING_VIDEO_ICN
0xA2005D;0xE5F6;CALLS_MISSED_ICN
0xA8E9EE;0xE5F7;CALLS_MISSED_SLEEPMODE_ICN
0x927F1B;0xE5F8;CALLS_MISSED_STATUS_ICN
0x33D2D6;0xE5F9;CALLS_MISSED_TAB_ICN
0x110619;0xE5FA;CALLS_MISSED_TAB_INACTIVE_ICN
0xED5AA2;0xE5FB;CALLS_MISSED_VIDEO_ICN
0xC4B5B9;0xE5FC;CALLS_OUTGOING_ICN
0x556732;0xE5FD;CALLS_OUTGOING_TAB_ICN
0xBC7F00;0xE5FE;CALLS_OUTGOING_TAB_INACTIVE_ICN
0xB31CC9;0xE5FF;CALLS_OUTGOING_VIDEO_ICN
0x8DC27A;0xE600;CALLS_SCREENED_ICN
0x06D506;0xE601;CAM_BUTTON_DISABLE_ICN
0xB76B91;0xE602;CAM_BUTTON_ENABLE_ICN
0x5784CF;0xE603;CAM_BUTTON_FOCUSON_ICN
0x81FFEB;0xE604;CAM_BUTTON_PRESS_ICN
0x991CAE;0xE605;CAM_CTRL_LEFT_ICN
0xEF3E46;0xE606;CAM_CTRL_RIGHT_ICN
0x66F671;0xE607;CAM_MENU_GUIDE_LEFT_ICN
0x1589B9;0xE608;CAM_MENU_GUIDE_RIGHT_ICN
0x5DBFBE;0xE609;CAM_MENU_WINDOW_1L_ICN
0x038777;0xE60A;CB_UI_RECEIVING_JAVA_MESSAGE_POPUP_ICN
0xF086BA;0xE60B;CHECKBOX_ICN
0x97588C;0xE60C;CHECKBOX_UNAIV_ICN
0x0D4290;0xE60D;CHECKED_RADIOBUTTON_ICN
0x8D66DB;0xE60E;CHECKMARK_ICN
0x33A0B6;0xE60F;CHECKMARK_IN_BOX_ICN
0xF797F3;0xE610;CHECKMARK_IN_BOX_UNAVI_ICN
0x24114A;0xE611;CIPHERING_OFF_ICN
0xFB8C01;0xE612;CODEWALLET_CODE_MEMO_MENU_ICN
0xFCE612;0xE613;CURSOR_ICN
0x59359E;0xE614;DAMAGED_MESSAGE_ICN
0x834318;0xE615;DB_2ROW_MS_ICN
0x98EF56;0xE616;DB_2ROW_PHONE_ICN
0x3D08BC;0xE617;DB_BOOKMARKS_DIRECTORY_ICN
0x9694A5;0xE618;DB_BOOKMARKS_MM_ICN
0xCD665C;0xE619;DB_CAMERA_CONTENT_DIRECTORY_ICN
0x8D2C99;0xE61A;DB_CAMERA_CONTENT_MM_ICN
0xF1C81E;0xE61B;DB_CAMERA_DIRECTORY_ICN
0x5025D9;0xE61C;DB_DESKTOP_ICN
0x91A640;0xE61D;DB_DESKTOP_SELECTED_ICN
0xFCA2E7;0xE61E;DB_DIRECT_LINK_BIG_ICN
0x9F808D;0xE61F;DB_DIRECT_LINK_SMALL_ICN
0xFC0D7B;0xE620;DB_EMPTY_ICN
0x10EB26;0xE621;DB_ENTERTAINMENT_DIRECTORY_ICN
0xC82C02;0xE622;DB_ERROR_ICN
0xAA8CC0;0xE623;DB_FOLDER_MM_ICN
0x05DEA9;0xE624;DB_GAMES_DIRECTORY_ICN
0xA311EB;0xE625;DB_GAMES_MM_ICN
0xB04BC9;0xE626;DB_IAPPLI_DIRECTORY_ICN
0xC649C6;0xE627;DB_IAPPLI_MM_ICN
0xDD6F00;0xE628;DB_IMAGES_DIRECTORY_ICN
0x8F7B9D;0xE629;DB_IMAGES_MM_ICN
0x785220;0xE62A;DB_INPUT_NEW_FOLDER_ICN
0xFFFBB3;0xE62B;DB_JAVA_DIRECTORY_ICN
0x2A5755;0xE62C;DB_JAVA_MM_ICN
0x997DA6;0xE62D;DB_LIST_BOOKMARK_ICN
0x1D314E;0xE62E;DB_LIST_DRM_LOCKED_ICN
0x91DE17;0xE62F;DB_LIST_DRM_UNLOCKED_ICN
0x22E483;0xE630;DB_LIST_FOLDER_ICN
0x815CB0;0xE631;DB_LIST_FOLDER_STRUCTURE_LAST_ICN
0xDE5AC2;0xE632;DB_LIST_FOLDER_STRUCTURE_MULTI_ICN
0xA0FAAC;0xE633;DB_LIST_JAVA_ICN
0x6726AE;0xE634;DB_LIST_MEMORYSTICK_DRM_LOCKED_ICN
0xEFD9B6;0xE635;DB_LIST_MEMORYSTICK_DRM_UNLOCKED_ICN
0x412EF0;0xE636;DB_LIST_MEMORYSTICK_ICN
0xA0A14D;0xE637;DB_LIST_NEW_FOLDER_ICN
0xBBACCB;0xE638;DB_LIST_OTHER_ICN
0x20A4AC;0xE639;DB_LIST_PICTURE_ICN
0x98E2F0;0xE63A;DB_LIST_RUNNING_APP_ICN
0x6E74A0;0xE63B;DB_LIST_SAVED_PAGE_ICN
0x3F6E80;0xE63C;DB_LIST_SOUND_3GP_ICN
0x3FF815;0xE63D;DB_LIST_SOUND_AAC_ICN
0x3FFF02;0xEA01;DB_LIST_SOUND_AMR_ICN
0x3FFD96;0xEA02;DB_LIST_SOUND_ASF_ICN
0x3FF292;0xEA03;DB_LIST_SOUND_AWB_ICN
0x6A3C75;0xEA04;DB_LIST_SOUND_EMELODY_ICN
0x6BFC75;0xEA05;DB_LIST_SOUND_IMELODY_ICN
0x3E3B93;0xEA06;DB_LIST_SOUND_M4A_ICN
0x3E394B;0xEA07;DB_LIST_SOUND_MFI_ICN
0x5663EE;0xEA08;DB_LIST_SOUND_MIDI_ICN
0x3E3CDA;0xEA09;DB_LIST_SOUND_MP3_ICN
0x3E3CDD;0xEA0A;DB_LIST_SOUND_MP4_ICN
0x63A229;0xEA0B;DB_LIST_SOUND_REAL_ICN
0x3EEEFA;0xEA0C;DB_LIST_SOUND_RHZ_ICN
0x7E2233;0xEA0D;DB_LIST_SOUND_SMAF_ICN
0x3D5806;0xEA0E;DB_LIST_SOUND_WAV_ICN
0x3D5F13;0xEA0F;DB_LIST_SOUND_WMA_ICN
0x3D4F16;0xEA10;DB_LIST_SOUND_XMF_ICN
0x3F47FA;0xEA11;DB_LIST_STREAMING_REAL_ICN
0x8A5ADB;0xEA12;DB_LIST_THEME_ICN
0x56D565;0xEA13;DB_LIST_WEB_ICN
0x16CBC0;0xEA14;DB_LIST_VIDEO_ASF_ICN
0x7FF078;0xEA15;DB_LIST_VIDEO_FILE_ICN
0x17F0E2;0xEA16;DB_LIST_VIDEO_LINK_ICN
0x2E37A3;0xEA17;DB_LIST_VIDEO_REAL_ICN
0x146950;0xEA18;DB_LIST_VIDEO_WMV_ICN
0xD8B924;0xEA19;DB_MORE_PICTURES_ICN
0x052B6E;0xEA1A;DB_OTHER_DIRECTORY_ICN
0x9E602B;0xEA1B;DB_OTHER_MM_ICN
0xE01FC0;0xEA1C;DB_PHONE_ICN
0xB7E5E5;0xEA1D;DB_POPUP_DOCUMENT_ICN
0x44BEBF;0xEA1E;DB_RINGTONES_DIRECTORY_ICN
0xFB147B;0xEA1F;DB_RINGTONES_MM_ICN
0xABCC14;0xEA20;DB_SAVED_PAGE_DIRECTORY_ICN
0x1B0D79;0xEA21;DB_SEARCH_BACKGROUND_DAY_ICN
0x3C9CFF;0xEA22;DB_SEARCH_BACKGROUND_MONTH_ICN
0xC748A0;0xEA23;DB_SEARCH_GUIDE_LEFT_ICN
0x7A3DD1;0xEA24;DB_SEARCH_GUIDE_RIGHT_ICN
0xE98A07;0xEA25;DB_SOUNDS_DIRECTORY_ICN
0xB63A50;0xEA26;DB_SOUNDS_MM_ICN
0x905782;0xEA27;DB_TAB_ALL_ICN
0xF05331;0xEA28;DB_TAB_ALL_INACTIVE_ICN
0x9121CC;0xEA29;DB_TAB_MS_ICN
0xADC0B1;0xEA2A;DB_TAB_MS_INACTIVE_ICN
0xC8A6DD;0xEA2B;DB_TAB_PHONE_ICN
0xCC04E7;0xEA2C;DB_TAB_PHONE_INACTIVE_ICN
0xE11E06;0xEA2D;DB_THEMES_DIRECTORY_ICN
0x933A12;0xEA2E;DB_THEMES_MM_ICN
0xB3266F;0xEA2F;DB_THUMB_BOOKMARK_ICN
0x76606F;0xEA30;DB_THUMB_CAMERA_CONTENT_ICN
0x02973E;0xEA31;DB_THUMB_CAMERA_DIR_ICN
0x0CEA1C;0xEA32;DB_THUMB_FLASH_ICN
0x9E7626;0xEA33;DB_THUMB_FOLDER_ICN
0xAF37BD;0xEA34;DB_THUMB_IAPPLI_ICN
0x8AA165;0xEA35;DB_THUMB_JAVA_ICN
0x1C33E8;0xEA36;DB_THUMB_NEW_FOLDER_ICN
0x0C3CC6;0xEA37;DB_POPUP_OTHER_ICN
0xF92D85;0xEA38;DB_THUMB_PICTURE_CORRUPT_ICN
0xB0A903;0xEA39;DB_POPUP_PICTURE_DRM_ICN
0xAA3222;0xEA3A;DB_THUMB_PICTURE_DRM_LOCKED_ICN
0x207FD5;0xEA3B;DB_POPUP_PICTURE_ICN
0x956D13;0xEA3C;DB_THUMB_PICTURE_M3G_ICN
0x88FE8D;0xEA3D;DB_POPUP_SOUND_3GP_ICN
0x886F0F;0xEA3E;DB_POPUP_SOUND_AMR_ICN
0xA90FDC;0xEA3F;DB_THUMB_SOUND_ASF_ICN
0x88629F;0xEA40;DB_POPUP_SOUND_AWB_ICN
0xDDAC78;0xEA41;DB_POPUP_SOUND_EMELODY_ICN
0xDC6C78;0xEA42;DB_POPUP_SOUND_IMELODY_ICN
0x89AB9E;0xEA43;DB_POPUP_SOUND_M4A_ICN
0xEAF14B;0xEA44;DB_THUMB_SOUND_MIDI_ICN
0x89ACD7;0xEA45;DB_POPUP_SOUND_MP3_ICN
0x89ACD0;0xEA46;DB_POPUP_SOUND_MP4_ICN
0xDF308C;0xEA47;DB_THUMB_SOUND_REAL_ICN
0x897EF7;0xEA48;DB_POPUP_SOUND_RHZ_ICN
0x9A215E;0xEA49;DB_POPUP_SOUND_SMAF_ICN
0x8AC80B;0xEA4A;DB_POPUP_SOUND_WAV_ICN
0xABAD59;0xEA4B;DB_THUMB_SOUND_WMA_ICN
0x8ADF1B;0xEA4C;DB_POPUP_SOUND_XMF_ICN
0x83D55F;0xEA4D;DB_THUMB_STREAMING_REAL_ICN
0x71B851;0xEA4E;DB_THUMB_SVG_ICN
0xB2EEF2;0xEA4F;DB_THUMB_TEXT_ICN
0x3DCAD6;0xEA50;DB_POPUP_THEME_ICN
0x49F7A7;0xEA51;DB_THUMB_WEB_PAGES_ICN
0x80398A;0xEA52;DB_THUMB_VIDEO_ASF_ICN
0xEDBEC3;0xEA53;DB_THUMB_VIDEO_CORRUPT_ICN
0x804853;0xEA54;DB_THUMB_VIDEO_DRM_ICN
0xB2606F;0xEA55;DB_THUMB_VIDEO_DRM_LOCKED_ICN
0x9BF315;0xEA56;DB_POPUP_VIDEO_FILE_ICN
0x92A506;0xEA57;DB_THUMB_VIDEO_REAL_ICN
0x829B1A;0xEA58;DB_THUMB_VIDEO_WMV_ICN
0x7CEA11;0xEA59;DB_TITLE_ALL_ICN
0xDE933A;0xEA5A;DB_TITLE_MS_ICN
0x119816;0xEA5B;DB_TITLE_PHONE_ICN
0x9985B7;0xEA5C;DB_TLV_VIEW_ICN
0x974D24;0xEA5D;DB_WEB_PAGES_DIRECTORY_ICN
0x07F28F;0xEA5E;DB_WEB_PAGES_MM_ICN
0x1CA3D0;0xEA5F;DB_VIDEO_STRIP_LARGE_ICN
0xB12EDE;0xEA60;DB_VIDEOS_DIRECTORY_ICN
0x9F0C06;0xEA61;DB_VIDEOS_MM_ICN
0x5952D3;0xEA62;DB_ZOOM_IN_ICN
0x8DF078;0xEA63;DB_ZOOM_OUT_ICN
0xAF9008;0xEA64;DESKTOP_ALARMS_ICN
0x7CD23F;0xEA65;DESKTOP_ALARMS_SELECTED_ICN
0xE02A57;0xEA66;DESKTOP_CALLS_ICN
0x9245EC;0xEA67;DESKTOP_CALLS_SELECTED_ICN
0xDEC2C1;0xEA68;DESKTOP_CAMERA_ICN
0x286063;0xEA69;DESKTOP_CAMERA_SELECTED_ICN
0xB8EDD8;0xEA6A;DESKTOP_ENTERTAINMENT_ICN
0xA3A63A;0xEA6B;DESKTOP_ENTERTAINMENT_SELECTED_ICN
0xE01C8B;0xEA6C;DESKTOP_GAMES_ICN
0x9FF2EC;0xEA6D;DESKTOP_GAMES_SELECTED_ICN
0xC97F1E;0xEA6E;DESKTOP_HIGHLIGHT_ICN
0xD374F9;0xEA6F;DESKTOP_IMODE_DOJA_ICN
0x45EE60;0xEA70;DESKTOP_IMODE_DOJA_SELECTED_ICN
0x90FC5B;0xEA71;DESKTOP_IMODE_ICN
0xA7C6F0;0xEA72;DESKTOP_IMODE_SELECTED_ICN
0xB19DCB;0xEA73;DESKTOP_MESSAGING_ICN
0xFFA2F8;0xEA74;DESKTOP_MESSAGING_SELECTED_ICN
0x9807E7;0xEA75;DESKTOP_OPERATOR_ICN
0x9929F2;0xEA76;DESKTOP_OPERATOR_SELECTED_ICN
0xEE4E13;0xEA77;DESKTOP_ORGANIZER_ICN
0x0B54EF;0xEA78;DESKTOP_ORGANIZER_SELECTED_ICN
0xA17CC4;0xEA79;DESKTOP_PHONEBOOK_ICN
0xC7E13C;0xEA7A;DESKTOP_PHONEBOOK_SELECTED_ICN
0x51E40F;0xEA7B;DESKTOP_SAT_ICN
0xE1D3C0;0xEA7C;DESKTOP_SAT_SELECTED_ICN
0xE9D126;0xEA7D;DESKTOP_SETTINGS_ICN
0xEC99AE;0xEA7E;DESKTOP_SETTINGS_SELECTED_ICN
0x52240B;0xEA7F;DESKTOP_WAP_ICN
0x11D2C0;0xEA80;DESKTOP_WAP_SELECTED_ICN
0x54A227;0xEA81;DIRECT_LINK_GENERIC_ICN
0xDA96E7;0xEA82;DIRECT_LINK_SONY_ERICSSON_ICN
0xC9D754;0xEA83;DIVERTED_ICN
0xF1FCE9;0xEA84;DL_DOWNLOAD_ICN
0x1A400E;0xEA85;DOJA_NORMAL_RUNNING_ICN
0xBDDBF4;0xEA86;DOJA_NOT_STANDBY_LIST_ICN
0xD4F3C7;0xEA87;DOJA_SSL_LIST_ICN
0xE05C90;0xEA88;DOJA_STANDBY_LIST_ICN
0xA52032;0xEA89;DOJA_STANDBY_RUNNING_ICN
0xC4CD63;0xEA8A;DOJA_STANDBY_RUNNING_LIST_ICN
0x91F50A;0xEA8B;DOT_ICN
0xFEE5FB;0xEA8C;E_MELODY_ICN
0xD658F0;0xEA8D;E_MELODY_LARGE_ICN
0x17FE14;0xEA8E;E_MELODY_MEDIUM_ICN
0x958C82;0xEA8F;EC_NEW_MAIL_ICN
0x10CF71;0xEA90;EC_NEWER_MAILS_ICN
0x10399C;0xEA91;EC_OLDER_MAILS_ICN
0xC830A0;0xEA92;EC_PRIORITY_HIGH_ICN
0x0805E9;0xEA93;EC_PRIORITY_LOW_ICN
0x862599;0xEA94;EC_PRIORITY_NORMAL_ICN
0x0C861A;0xEA95;EC_READ_DELETE_MAIL_ICN
0x3E22A7;0xEA96;EC_UNREAD_DELETE_MAIL_ICN
0x0A501C;0xEA97;EMAIL_MENU_DRAFTS_ICN
0xFF5B38;0xEA98;EMAIL_MENU_INBOX_ICN
0x09354C;0xEA99;EMAIL_MENU_MANAGE_ACCOUNTS_ICN
0x561424;0xEA9A;EMAIL_MENU_OUTBOX_ICN
0x115F3F;0xEA9B;EMAIL_MENU_SAVED_EMAIL_ICN
0x27DE8E;0xEA9C;EMAIL_MENU_SENT_EMAIL_ICN
0xD87B6E;0xEA9D;EMAIL_MENU_SETTINGS_ICN
0x5FB9C5;0xEA9E;EMAIL_MENU_WRITE_NEW_ICN
0xB757BE;0xEA9F;EMAIL_UI_TRANSFER_ACTIVITY_STATUS_BAR_ICN
0xAE9490;0xEAA0;EMAIL_VIEWER_BACKGROUND_ICN
0x8BE342;0xEAA1;EMAIL_VIEWER_BOTTOM_ICN
0xECDBD9;0xEAA2;EMAIL_VIEWER_SEPARATOR_ICN
0x55D3D5;0xEAA3;EMAIL_VIEWER_TOP_ICN
0x6D2940;0xEAA4;EMBEDDED_MELODY1_ICN
0x93B6E8;0xEAA5;EMBEDDED_MELODY10_ICN
0x93B6E9;0xEAA6;EMBEDDED_MELODY11_ICN
0x93B6EA;0xEAA7;EMBEDDED_MELODY12_ICN
0x93B6EB;0xEAA8;EMBEDDED_MELODY13_ICN
0x93B6EC;0xEAA9;EMBEDDED_MELODY14_ICN
0x93B6ED;0xEAAA;EMBEDDED_MELODY15_ICN
0x93B6EE;0xEAAB;EMBEDDED_MELODY16_ICN
0x6D2943;0xEAAC;EMBEDDED_MELODY2_ICN
0x6D2942;0xEAAD;EMBEDDED_MELODY3_ICN
0x6D2945;0xEAAE;EMBEDDED_MELODY4_ICN
0x6D2944;0xEAAF;EMBEDDED_MELODY5_ICN
0x6D2947;0xEAB0;EMBEDDED_MELODY6_ICN
0x6D2946;0xEAB1;EMBEDDED_MELODY7_ICN
0x6D2949;0xEAB2;EMBEDDED_MELODY8_ICN
0x6D2948;0xEAB3;EMBEDDED_MELODY9_ICN
0xE6218B;0xEAB4;EMBEDDED_SOUND1_ICN
0x51840A;0xEAB5;EMBEDDED_SOUND10_ICN
0xE62188;0xEAB6;EMBEDDED_SOUND2_ICN
0xE62189;0xEAB7;EMBEDDED_SOUND3_ICN
0xE6218E;0xEAB8;EMBEDDED_SOUND4_ICN
0xE6218F;0xEAB9;EMBEDDED_SOUND5_ICN
0xE6218C;0xEABA;EMBEDDED_SOUND6_ICN
0xE6218D;0xEABB;EMBEDDED_SOUND7_ICN
0xE62182;0xEABC;EMBEDDED_SOUND8_ICN
0xE62183;0xEABD;EMBEDDED_SOUND9_ICN
0xC8B47B;0xEABE;EMPTY_ICN
0xC4C8BF;0xEABF;ENTERTAINMENT_MENU_DEMOTOUR_ICN
0x9A2A5E;0xEAC0;ENTERTAINMENT_MENU_GAMES_ICN
0x5E9772;0xEAC1;ENTERTAINMENT_MENU_MEDIAPLAYER_ICN
0xCA18F9;0xEAC2;ENTERTAINMENT_MENU_MIDI_COMP_ICN
0xDEBB03;0xEAC3;ENTERTAINMENT_MENU_PICTUREEDITOR_ICN
0xB5925B;0xEAC4;ENTERTAINMENT_MENU_PLAYNOW_ICN
0x9B9D51;0xEAC5;ENTERTAINMENT_MENU_RADIO_ICN
0xD29C80;0xEAC6;ENTERTAINMENT_MENU_SOUNDRECORDER_ICN
0xB0EC3C;0xEAC7;ENTERTAINMENT_MENU_VIDEO_PLAYER_ICN
0x4CD02A;0xEAC8;ENTERTAINMENT_MENU_VIDEOEDITOR_ICN
0x91D1B6;0xEAC9;FAX_ICN
0xF3C663;0xEACA;FLASH_LIGHT_MENU_ICN
0x40C12E;0xEACB;FMODE_FLIGHT_MODE_ICN
0x58F067;0xEACC;FMODE_NORMAL_MODE_ICN
0x5356C0;0xEACD;FMODE_RSSI_INDICATION_ICN
0xC5F354;0xEACE;FOLDER_ICN
0xD4B714;0xEACF;FORBIDDEN_NETWORK_ICN
0xB9F8DF;0xEAD0;FR_INPUT_GUI_ALARM_TEXT_ICN
0x91B3A7;0xEAD1;FR_INPUT_GUI_AUTHENTICATION_ICN
0xF825A7;0xEAD2;FR_INPUT_GUI_BLUETOOTH_PHONE_NAME_ICN
0x004405;0xEAD3;FR_INPUT_GUI_CONTACT_EMAIL_INPUT_ICN
0x778F53;0xEAD4;FR_INPUT_GUI_CONTACT_HOME_NUMBER_ICN
0x521985;0xEAD5;FR_INPUT_GUI_CONTACT_MOBILE_NUMBER_ICN
0x9504FD;0xEAD6;FR_INPUT_GUI_CONTACT_OTHER_NUMBER_ICN
0x1C9F5E;0xEAD7;FR_INPUT_GUI_CONTACT_WORK_NUMBER_ICN
0xB454A2;0xEAD8;FR_INPUT_GUI_EDIT_WORD_ICN
0x68FCAD;0xEAD9;FR_INPUT_GUI_FIND_IN_PHONEBOOK_ICN
0x3220C3;0xEADA;FR_INPUT_GUI_FIND_IN_PHONEBOOK_SMALL_ICN
0xC322A5;0xEADB;FR_INPUT_GUI_GSM_MODE_ICN
0xB21C7B;0xEADC;FR_INPUT_GUI_GSM_OR_DIGIT_ICN
0xE4A32A;0xEADD;FR_INPUT_GUI_IP_ICN
0xA09593;0xEADE;FR_INPUT_GUI_LISTENING_VOLUME_ICN
0x28CEDE;0xEADF;FR_INPUT_GUI_MESSAGING_RECIPIENT_EMAIL_INPUT_ICN
0xA07E44;0xEAE0;FR_INPUT_GUI_MESSAGING_RECIPIENT_INPUT_ICN
0x14A6ED;0xEAE1;FR_INPUT_GUI_NUMBER_GENERIC_ICN
0x110216;0xEAE2;FR_INPUT_GUI_PASSWORD_MODE_ICN
0xBC1942;0xEAE3;FR_INPUT_GUI_PHONE_NUMBER_INPUT_ICN
0x57F8DE;0xEAE4;FR_INPUT_GUI_REAL_NUMBER_GENERIC_ICN
0xEC34A8;0xEAE5;FR_INPUT_GUI_RECURRENCE_ICN
0xE61CCB;0xEAE6;FR_INPUT_GUI_RING_VOLUME_ICN
0x6D8AC5;0xEAE7;FR_INPUT_GUI_SET_ALARM_ICN
0x9F2465;0xEAE8;FR_INPUT_GUI_SET_DATE_ICN
0xDEA6A5;0xEAE9;FR_INPUT_GUI_SET_TIME_ICN
0x4F5E60;0xEAEA;FR_INPUT_GUI_STANDBY_CALL_INPUT_ICN
0x5CA068;0xEAEB;FR_INPUT_GUI_STOPWATCH_ICN
0x213265;0xEAEC;FR_INPUT_GUI_STRING_GENERIC_ICN
0x499683;0xEAED;FR_INPUT_GUI_TIMER_ICN
0xF1ECDF;0xEAEE;FR_INPUT_GUI_URL_ICN
0x7F5288;0xEAEF;FS_INPUT_GUI_CALENDAR_DESCRIPTION_ICN
0x3DA560;0xEAF0;FS_INPUT_GUI_CALENDAR_LOCATION_ICN
0x76370C;0xEAF1;FS_INPUT_GUI_CALENDAR_SUBJECT_ICN
0x69A769;0xEAF2;FS_INPUT_GUI_CALENDAR_TASK_ICN
0x707CF4;0xEAF3;FS_INPUT_GUI_CONTACT_COMPANY_ICN
0x828378;0xEAF4;FS_INPUT_GUI_CONTACT_NAME_ICN
0x198E17;0xEAF5;FS_INPUT_GUI_CONTACT_TITLE_ICN
0x612689;0xEAF6;FS_INPUT_GUI_NOTES_ICN
0xDE3143;0xEAF7;FS_INPUT_GUI_WRITE_EMAIL_ICN
0xFC17F0;0xEAF8;FS_INPUT_GUI_WRITE_SMS_ICN
0xA2E8B1;0xEAF9;GENERAL_ARROW_LEFT_ICN
0x123988;0xEAFA;GENERAL_ARROW_RIGHT_ICN
0x24B6B1;0xEAFB;GENERAL_OPTION_LIST_ICN
0x98073C;0xEAFC;GENERAL_SPACING_AFTER_LISTICON_ICN
0xE9B2D8;0xEAFD;GENERAL_SPACING_HALFLISTICONS_ICN
0xC0E109;0xEAFE;GENERAL_SPACING_LISTICONS_ICN
0x605282;0xEAFF;GENERAL_SPACING_WIDTH_2PX_ICN
0x60F282;0xEB00;GENERAL_SPACING_WIDTH_8PX_ICN
0xD1833E;0xEB01;GENERIC_DOCUMENT_ICN
0xBA0A06;0xEB02;GENERIC_DOCUMENT_LARGE_ICN
0x8FAF23;0xEB03;GENERIC_INPUT_FULLSCREEN_POPUP_ICN
0x96875E;0xEB04;GLOBE_SMALL_ACTIVITY_ICN
0xE46A06;0xEB05;GLOBE_SMALL_ICN
0x25289C;0xEB06;GLOBE_SMALL_SUSPENDED_ICN
0xADF81C;0xEB07;GOOGLE_LARGE_ICN
0xDCE94E;0xEB08;GOOGLE_SMALL_ICN
0xFCA49E;0xEB09;GROUP_ICN
0x55D094;0xEB0A;GUI_UNAVAILABLE_ICN
0xA5F21D;0xEB0B;HANDSET_ICN
0xA5F300;0xEB0C;HEADSET_ICN
0xDC9D3F;0xEB0D;HELP_TEXT_ICN
0xF80197;0xEB0E;HOMEBASE_ICN
0x592357;0xEB0F;HOMEZONE_ICN
0x952AD6;0xEB10;HOMEZONEL1_ICN
0x952AD5;0xEB11;HOMEZONEL2_ICN
0xA4951F;0xEB12;HOURGLASS_FOR_TITLE_ICN
0xA462CA;0xEB13;HOURGLASS_ICN
0xFE0283;0xEB14;HOURGLASS_WITH_FRAME_ICN
0xFDA386;0xEB15;HPB_ADDRESS_TAB_ICN
0x8D522A;0xEB16;HPB_ADDRESS_TAB_INACTIVE_ICN
0x4CEBFE;0xEB17;HPB_ARROW_LEFT_ANIM_00_ICN
0x4CEBFF;0xEB18;HPB_ARROW_LEFT_ANIM_01_ICN
0x4CEBFC;0xEB19;HPB_ARROW_LEFT_ANIM_02_ICN
0xE17B13;0xEB1A;HPB_ARROW_RIGHT_ANIM_00_ICN
0xE17B12;0xEB1B;HPB_ARROW_RIGHT_ANIM_01_ICN
0xE17B11;0xEB1C;HPB_ARROW_RIGHT_ANIM_02_ICN
0xAD3E9D;0xEB1D;HPB_EMAIL_ICN
0xAD0AC3;0xEB1E;HPB_EMAIL_URL_TAB_ICN
0xA7037E;0xEB1F;HPB_EMAIL_URL_TAB_INACTIVE_ICN
0x00C7FD;0xEB20;HPB_FAX_ICN
0x91347D;0xEB21;HPB_HOME_ICN
0x0C10A0;0xEB22;HPB_INFO_TAB_ICN
0xE19B96;0xEB23;HPB_INFO_TAB_INACTIVE_ICN
0x634C3B;0xEB24;HPB_INPUT_GUI_BIRTHDAY_TXT_ICN
0x9B6411;0xEB25;HPB_INPUT_GUI_SIM_CATEGORY_ICN
0xD5A908;0xEB26;HPB_LIST_BIRTHDAY_ICN
0xEC6C16;0xEB27;HPB_LIST_CONTACT_INFO_ICN
0x9CF86A;0xEB28;HPB_LIST_LOCATION_ICN
0xBC597F;0xEB29;HPB_LIST_SIM_CATEGORY_ICN
0x924798;0xEB2A;HPB_MOBILE_ICN
0x9245FD;0xEB2B;HPB_NEW_ENTRY_ICN
0x760380;0xEB2C;HPB_NUMBER_TAB_ICN
0x655388;0xEB2D;HPB_NUMBER_TAB_INACTIVE_ICN
0x808985;0xEB2E;HPB_OTHER_ICN
0xDC9984;0xEB2F;HPB_PAGER_ICN
0x72E5E3;0xEB30;HPB_LONELY_MAN_ICN
0xE7726E;0xEB31;HPB_PHONEBOOK_MENU_ICN
0x21831B;0xEB32;HPB_PICTURE_SOUND_TAB_ICN
0x85755D;0xEB33;HPB_PICTURE_SOUND_TAB_INACTIVE_ICN
0x9D9506;0xEB34;HPB_POPUP_SAVED_VCARD_2ND_ICN
0xBD9619;0xEB35;HPB_SIM_NUMBER_ICN
0xBC609E;0xEB36;HPB_SIM_NUMBER2_ICN
0xBC609F;0xEB37;HPB_SIM_NUMBER3_ICN
0xBC6098;0xEB38;HPB_SIM_NUMBER4_ICN
0xBC6099;0xEB39;HPB_SIM_NUMBER5_ICN
0xAFF684;0xEB3A;HPB_THUMB_BIRTHDAY_ICN
0xBD7ED4;0xEB3B;HPB_THUMB_SPEED_DIAL_CONTACT_PERSON_ICN
0x713BE4;0xEB3C;HPB_THUMB_SPEED_DIAL_EIGHT_BIG_ICN
0x0FB854;0xEB3D;HPB_THUMB_SPEED_DIAL_EIGHT_SMALL_ICN
0xFC56E9;0xEB3E;HPB_THUMB_SPEED_DIAL_FIVE_BIG_ICN
0xDF6082;0xEB3F;HPB_THUMB_SPEED_DIAL_FIVE_SMALL_ICN
0xFCF6BC;0xEB40;HPB_THUMB_SPEED_DIAL_FOUR_BIG_ICN
0xDA3088;0xEB41;HPB_THUMB_SPEED_DIAL_FOUR_SMALL_ICN
0x9C54E9;0xEB42;HPB_THUMB_SPEED_DIAL_NINE_BIG_ICN
0xFF6682;0xEB43;HPB_THUMB_SPEED_DIAL_NINE_SMALL_ICN
0x8311D3;0xEB44;HPB_THUMB_SPEED_DIAL_ONE_BIG_ICN
0xACC776;0xEB45;HPB_THUMB_SPEED_DIAL_ONE_SMALL_ICN
0x01CC3C;0xEB46;HPB_THUMB_SPEED_DIAL_SEVEN_BIG_ICN
0x723F5B;0xEB47;HPB_THUMB_SPEED_DIAL_SEVEN_SMALL_ICN
0x8350BC;0xEB48;HPB_THUMB_SPEED_DIAL_SIX_BIG_ICN
0xBA3772;0xEB49;HPB_THUMB_SPEED_DIAL_SIX_SMALL_ICN
0x7D8C24;0xEB4A;HPB_THUMB_SPEED_DIAL_THREE_BIG_ICN
0x73B89F;0xEB4B;HPB_THUMB_SPEED_DIAL_THREE_SMALL_ICN
0x834C05;0xEB4C;HPB_THUMB_SPEED_DIAL_TWO_BIG_ICN
0x71A773;0xEB4D;HPB_THUMB_SPEED_DIAL_TWO_SMALL_ICN
0xE284A5;0xEB4E;HPB_TITLE_LARGE_CONTACT_PERSON_ICN
0x01D389;0xEB4F;HPB_URL_ICN
0x553727;0xEB50;HPB_WORK_ICN
0x8EE5FB;0xEB51;I_MELODY_ICN
0xD65FF0;0xEB52;I_MELODY_LARGE_ICN
0xEFF2A7;0xEB53;INCOMING_CALL_ANIM_00
0x7ED1B1;0xEB54;INCOMING_CALL_ANIM_01_ICN
0x7ED1B2;0xEB55;INCOMING_CALL_ANIM_02_ICN
0x7ED1B3;0xEB56;INCOMING_CALL_ANIM_03_ICN
0x7ED1B4;0xEB57;INCOMING_CALL_ANIM_04_ICN
0x849545;0xEB58;INFORMATION_ICN
0xCDA389;0xEB59;INPUT_GUI_123_ICN
0xC121C0;0xEB5A;INPUT_GUI_BOPOMOFO_ICN
0x5409C5;0xEB5B;INPUT_GUI_CLOSE_NWP_ICN
0xBBF5B7;0xEB5C;INPUT_GUI_JOYSTICK_SELECT_ICN
0xEB7993;0xEB5D;INPUT_GUI_LOWERCASE_CHARACTERS_ICN
0xBA7392;0xEB5E;INPUT_GUI_PINYIN_ICN
0xDC126C;0xEB5F;INPUT_GUI_STROKE_SIMP_ICN
0xD88578;0xEB60;INPUT_GUI_STROKE_TRAD_ICN
0x9C2ACF;0xEB61;INPUT_GUI_T9_INPUT_ICN
0xDEEDF9;0xEB62;INPUT_GUI_UPPER_LOWERCASE_CHARACTERS_ICN
0xC767D3;0xEB63;INPUT_GUI_UPPERCASE_CHARACTERS_ICN
0xE79860;0xEB64;INPUT_GUI_WIDTH_MODE_FULL_ICN
0x4EBD23;0xEB65;INPUT_GUI_WIDTH_MODE_FULL_JP_ICN
0x3FFC6E;0xEB66;INPUT_GUI_WIDTH_MODE_FULL_KATAKANA_ICN
0x75DCB3;0xEB67;INPUT_GUI_WIDTH_MODE_FULL_KATAKANA_JP_ICN
0x9ED87A;0xEB68;INPUT_GUI_WIDTH_MODE_HALF_ICN
0x275823;0xEB69;INPUT_GUI_WIDTH_MODE_HALF_JP_ICN
0x6FFAF0;0xEB6A;INPUT_GUI_WIDTH_MODE_HALF_KATAKANA_ICN
0x0C9CA9;0xEB6B;INPUT_GUI_WIDTH_MODE_HALF_KATAKANA_JP_ICN
0x1A5CBA;0xEB6C;INPUT_GUI_WIDTH_MODE_HIRAGANA_JP_ICN
0x98BE08;0xEB6D;INPUT_MULTILETTER_SEARCH_TITLE_ICN
0xED8796;0xEB6E;INT_CAM_BACKGROUND_ICN
0x887AD7;0xEB6F;INT_CAM_BRIGHTNESS_GUIDE_ICN
0xA8C510;0xEB70;INT_CAM_BRIGHTNESS_ICN
0xE5C14A;0xEB71;INT_CAM_CAMERA_ICN
0xE4D470;0xEB72;INT_CAM_FLASH_CHARGING_ICN
0x20B7D8;0xEB73;INT_CAM_FLASH_OFF_ICN
0x93E55C;0xEB74;INT_CAM_FLASH_ON_ICN
0xA70D0B;0xEB75;INT_CAM_FLASH_REDEYE_ICN
0x64FF4B;0xEB76;INT_CAM_FOCUS_FRAME_LARGE_ICN
0x29664A;0xEB77;INT_CAM_FOCUS_FRAME_LARGE_SEARCHING_ICN
0x15EE19;0xEB78;INT_CAM_FOCUS_FRAME_SMALL_ICN
0x3C415B;0xEB79;INT_CAM_FOCUS_FRAME_SMALL_SEARCHING_ICN
0x85549A;0xEB7A;INT_CAM_FOCUS_ICN
0x9894C6;0xEB7B;INT_CAM_FOCUS_INFINITY_ICN
0x09405F;0xEB7C;INT_CAM_FOCUS_INFINITY_TIP_ICN
0x908E09;0xEB7D;INT_CAM_HELPSCREEN_STILL_ICN
0xAD78C7;0xEB7E;INT_CAM_HELPSCREEN_VIDEO_ICN
0x45761E;0xEB7F;INT_CAM_INACTIVE_TAB_ICN
0x300F43;0xEB80;INT_CAM_INACTIVE_VIDEO_TAB_ICN
0x00141E;0xEB81;INT_CAM_LED_OFF_ICN
0x91C087;0xEB82;INT_CAM_LED_OFF_TIP_ICN
0x8B67D3;0xEB83;INT_CAM_LED_ON_ICN
0x1AB34A;0xEB84;INT_CAM_LED_ON_TIP_ICN
0xCD55C7;0xEB85;INT_CAM_MACRO_ICN
0x5C815E;0xEB86;INT_CAM_MACRO_TIP_ICN
0xF07F04;0xEB87;INT_CAM_MODE_BURST_ICN
0x61BB48;0xEB88;INT_CAM_MODE_BURST_SHC_ICN
0x61AB9D;0xEB89;INT_CAM_MODE_BURST_TIP_ICN
0x13465A;0xEB8A;INT_CAM_MODE_FRAMES_SHC_ICN
0x13568F;0xEB8B;INT_CAM_MODE_FRAMES_TIP_ICN
0x3D7455;0xEB8C;INT_CAM_MODE_HIGH_QUALITY_VIDEO_TIP_ICN
0x883A3C;0xEB8D;INT_CAM_MODE_HQ_VIDEO_ICN
0x456F90;0xEB8E;INT_CAM_MODE_MESSAGING_VIDEO_ICN
0xD4BB09;0xEB8F;INT_CAM_MODE_MESSAGING_VIDEO_TIP_ICN
0x574150;0xEB90;INT_CAM_MODE_NORMAL_SHC_ICN
0x575185;0xEB91;INT_CAM_MODE_NORMAL_TIP_ICN
0x8D40E9;0xEB92;INT_CAM_MODE_PANORAMA_ICN
0x1C84A5;0xEB93;INT_CAM_MODE_PANORAMA_SHC_ICN
0x1C9470;0xEB94;INT_CAM_MODE_PANORAMA_TIP_ICN
0xAC9743;0xEB95;INT_CAM_NIGHT_ICN
0x3D43DA;0xEB96;INT_CAM_NIGHT_TIP_ICN
0x9C234C;0xEB97;INT_CAM_PANORAMA_PICTURE_1_ICN
0x9C234F;0xEB98;INT_CAM_PANORAMA_PICTURE_2_ICN
0x9C234E;0xEB99;INT_CAM_PANORAMA_PICTURE_3_ICN
0xA05383;0xEB9A;INT_CAM_PROGRESSBAR_ICN
0x985619;0xEB9B;INT_CAM_SAVE_ICN
0xA38F01;0xEB9C;INT_CAM_SAVE_TO_MS_ICN
0xFC6C66;0xEB9D;INT_CAM_SAVE_TO_PHONE_ICN
0xA1FB59;0xEB9E;INT_CAM_SCENES_HIGHLIGHT_ICN
0x09C991;0xEB9F;INT_CAM_SIZE_128_ICN
0xAB82B1;0xEBA0;INT_CAM_SIZE_1280_ICN
0x09C899;0xEBA1;INT_CAM_SIZE_160_ICN
0xABC073;0xEBA2;INT_CAM_SIZE_1632_ICN
0x09C8DF;0xEBA3;INT_CAM_SIZE_176_ICN
0x09CC80;0xEBA4;INT_CAM_SIZE_1MP_ICN
0x981819;0xEBA5;INT_CAM_SIZE_1MP_TIP_ICN
0x09FC80;0xEBA6;INT_CAM_SIZE_2MP_ICN
0x982819;0xEBA7;INT_CAM_SIZE_2MP_TIP_ICN
0x09E999;0xEBA8;INT_CAM_SIZE_320_ICN
0x09B819;0xEBA9;INT_CAM_SIZE_640_ICN
0x92133F;0xEBAA;INT_CAM_SIZE_FREE_ICN
0x082D13;0xEBAB;INT_CAM_SIZE_VGA_ICN
0x99F98A;0xEBAC;INT_CAM_SIZE_VGA_TIP_ICN
0x9B643B;0xEBAD;INT_CAM_SPLASH_LOGOTYPE_ICN
0x9D58D4;0xEBAE;INT_CAM_SPLASH_STILL_ICN
0xA0AE1A;0xEBAF;INT_CAM_SPLASH_VIDEO_ICN
0xBF44A1;0xEBB0;INT_CAM_SPOT_PHOTOMETRY_ICN
0x3C2736;0xEBB1;INT_CAM_STILL_MODE_TAB_ICN
0xC3C0DC;0xEBB2;INT_CAM_TAB_BACKGROUND_ICN
0xA97317;0xEBB3;INT_CAM_TIMEDATE_ICN
0xACF08F;0xEBB4;INT_CAM_TIMER_ICN
0x3AB527;0xEBB5;INT_CAM_WHITE_BALANCE_CLEAR_SKY_ICN
0x5CA23B;0xEBB6;INT_CAM_WHITE_BALANCE_CLOUDY_ICN
0xD8D6E3;0xEBB7;INT_CAM_WHITE_BALANCE_FLUORESCENT_ICN
0xD03C48;0xEBB8;INT_CAM_WHITE_BALANCE_LAMP_ICN
0xAD408E;0xEBB9;INT_CAM_VIDEO_ICN
0x4194B9;0xEBBA;INT_CAM_VIDEO_MODE_TAB_ICN
0xD16A4A;0xEBBB;INT_CAM_VIDEO_MUTED_ICN
0xA5660C;0xEBBC;INT_CAM_ZOOM_GUIDE_ICN
0x6577C1;0xEBBD;INT_CAM_ZOOM_ICN
0x88C134;0xEBBE;IR_ATTACHED_ICN
0x2C91CB;0xEBBF;IR_ENABLED_ICN
0x11169A;0xEBC0;JAVA_RUNNING_ICN
0xEEF180;0xEBC1;JAVA_SPLASH_ICN
0xA24593;0xEBC2;JOYSTICK_DESKTOP_MENU_ICN
0x10FFF1;0xEBC3;JOYSTICK_MORE_MENU_ICN
0xC9E4B6;0xEBC4;JOYSTICK_SYMB_ICN
0xC5E3A1;0xEBC5;KEYLOCK_ICN
0x972F90;0xEBC6;KEYLOCK_SLEEPMODE_ICN
0x912656;0xEBC7;L1_ICN
0xC9D215;0xEBC8;L1DIVERTED_ICN
0x9DC216;0xEBC9;L1L2DIVERTED_ICN
0x912655;0xEBCA;L2_ICN
0xC9D216;0xEBCB;L2DIVERTED_ICN
0xCC986E;0xEBCC;LC_NEXT_ICN
0x096C7F;0xEBCD;LC_NEXT_UNAVAILABLE_ICN
0xBC4430;0xEBCE;LC_PREVIOUS_ICN
0x48C417;0xEBCF;LC_PREVIOUS_UNAVAILABLE_LC_ICN
0x2B633E;0xEBD0;LIST_MENU_VIDEO_CALL_ICN
0xE9E2E9;0xEBD1;LOCKED_ANIM_ICN
0xA065C2;0xEBD2;LOCKED_ICN
0xB8278D;0xEBD3;MAGIC_ICN
0xCE4F92;0xEBD4;MEDIAPLAYER_BACKGROUND_ICN
0xE0CA3C;0xEBD5;MEDIAPLAYER_BUFFERING_ICN
0x878B7A;0xEBD6;MEDIAPLAYER_BUFFERING_REAL_ICN
0xB6B9CA;0xEBD7;MEDIAPLAYER_CONNECTING_ICN
0x33C0D1;0xEBD8;MEDIAPLAYER_DESKTOP_ICN
0x68E458;0xEBD9;MEDIAPLAYER_DESKTOP_SELECTED_ICN
0x3ADFB3;0xEBDA;MEDIAPLAYER_EQUALIZER_BACKGROUND_ICN
0x467FB2;0xEBDB;MEDIAPLAYER_EQUALIZER_BAR_ICN
0x169CBD;0xEBDC;MEDIAPLAYER_EQUALIZER_LEVELS_ICN
0x444420;0xEBDD;MEDIAPLAYER_FAST_FORWARD_ICN
0x4572D4;0xEBDE;MEDIAPLAYER_LIST_BACKGROUND_ICN
0xEF30C5;0xEBDF;MEDIAPLAYER_LIST_HIGHLIGHT_ICN
0x1198DB;0xEBE0;MEDIAPLAYER_LOW_BACK_ICN
0xD33286;0xEBE1;MEDIAPLAYER_LOW_BACK_REAL_ICN
0xC04982;0xEBE2;MEDIAPLAYER_MODE_LOOP_ICN
0x348414;0xEBE3;MEDIAPLAYER_MODE_NORMAL_ICN
0x053385;0xEBE4;MEDIAPLAYER_MODE_RANDOM_ICN
0x3D070A;0xEBE5;MEDIAPLAYER_MODE_REPEAT_ICN
0xDCFB3E;0xEBE6;MEDIAPLAYER_PAUSE_ICN
0x0DE149;0xEBE7;MEDIAPLAYER_PLAY_ICN
0xA4E211;0xEBE8;MEDIAPLAYER_PLAYLIST_MOVIE_ICN
0x6E41C6;0xEBE9;MEDIAPLAYER_PROGRESS_BAR_BACKGROUND_ICN
0x2575D9;0xEBEA;MEDIAPLAYER_PROGRESS_BAR_BACKGROUND_REAL_ICN
0x1FCF8D;0xEBEB;MEDIAPLAYER_REWIND_ICN
0x3E5713;0xEBEC;MEDIAPLAYER_RUNNING_ICN
0x946383;0xEBED;MEDIAPLAYER_SLOW_MOTION_ICN
0x1965F2;0xEBEE;MEDIAPLAYER_STOP_ICN
0xBCC97A;0xEBEF;MEDIAPLAYER_TITLE_ICN
0x84FF98;0xEBF0;MENU_BOOKMARKS_ICN
0x067E10;0xEBF1;MENU_BT_REMOTE_CONTROL_ICN
0x3D3BA2;0xEBF2;MENU_CALL_INFO_TAB_ICN
0xAB5B1A;0xEBF3;MENU_CALL_INFO_TAB_INACTIVE_ICN
0x4DE3C9;0xEBF4;MENU_CONNECTIVITY_TAB_ICN
0x9D41C6;0xEBF5;MENU_CONNECTIVITY_TAB_INACTIVE_ICN
0xAD927C;0xEBF6;MENU_DISPLAY_TAB_ICN
0x812CBE;0xEBF7;MENU_DISPLAY_TAB_INACTIVE_ICN
0x2C55C5;0xEBF8;MENU_GENERAL_SETTINGS_TAB_ICN
0xF0C2DE;0xEBF9;MENU_GENERAL_SETTINGS_TAB_INACTIVE_ICN
0x34EF9D;0xEBFA;MENU_IMODE_IMENU_ICN
0x4F967A;0xEBFB;MENU_IMODE_LAST_URL_ICN
0x580454;0xEBFC;MENU_SAT_ICN
0x49DED3;0xEBFD;MENU_SAVED_PAGES_ICN
0x91C7E4;0xEBFE;MENU_SETTINGS_ICN
0x02A64F;0xEBFF;MENU_SOUNDS_TAB_ICN
0x4C2055;0xEC00;MENU_SOUNDS_TAB_INACTIVE_ICN
0xE0E485;0xEC01;MESSAGE_ICN
0x37E2E0;0xEC02;MESSAGE_SAVED_ON_SIM_ICN
0xCEB469;0xEC03;MESSAGE_TAGGED_FOR_DELETE_READ_ICN
0xA2F53A;0xEC04;MESSAGE_TAGGED_FOR_DELETE_UNREAD_ICN
0x52CA16;0xEC05;MESSAGING_IMODE_MENU_CHECK_NEW_ICN
0xB9D52D;0xEC06;MESSAGING_MENU_ADV_OPTIONS_ICN
0xA7C889;0xEC07;MESSAGING_MENU_EMAIL_ICN
0x81C1C1;0xEC08;MESSAGING_MENU_NEW_MESSAGE_ICN
0x765273;0xEC09;MESSAGING_MENU_OUTBOX_ICN
0xD69F83;0xEC0A;MESSAGING_MENU_SAVED_ICN
0xF47FF6;0xEC0B;MESSAGING_MENU_SENT_ICN
0xEFD9C6;0xEC0C;MESSAGING_MENU_TEMPLATES_ICN
0xC620ED;0xEC0D;MESSAGING_MENU_UNIFIED_INBOX_ICN
0x720006;0xEC0E;MESSAGING_MENU_UNSENT_ICN
0xC6EB96;0xEC0F;MESSAGING_MENU_VOICEMAIL_ICN
0x08A733;0xEC10;"{unk,hash(""2ASo"")}"
0x924C46;0xEC11;MESSAGING_MENU_WV_AOL_ICN
0x02EA53;0xEC12;MESSAGING_MENU_WV_ICN
0x93C949;0xEC13;MESSAGING_MENU_WV_ICQ_ICN
0x938D44;0xEC14;MESSAGING_MENU_WV_MSN_ICN
0xA39D0B;0xEC15;"{unk,hash(""dupB"")}"
0x2C7511;0xEC16;MESSAGING_MENU_WV_YAHOO_ICN
0x41A66C;0xEC17;MIDI_COMP_ACCENTS_ICN
0xE9CEF1;0xEC18;MIDI_COMP_BASS_ICN
0xC589FA;0xEC19;MIDI_COMP_BL_NBR_0_ICN
0xC589FB;0xEC1A;MIDI_COMP_BL_NBR_1_ICN
0xC589F8;0xEC1B;MIDI_COMP_BL_NBR_2_ICN
0xC589F9;0xEC1C;MIDI_COMP_BL_NBR_3_ICN
0xC589FE;0xEC1D;MIDI_COMP_BL_NBR_4_ICN
0xC589FF;0xEC1E;MIDI_COMP_BL_NBR_5_ICN
0xC589FC;0xEC1F;MIDI_COMP_BL_NBR_6_ICN
0xC589FD;0xEC20;MIDI_COMP_BL_NBR_7_ICN
0xC589F2;0xEC21;MIDI_COMP_BL_NBR_8_ICN
0xC589F3;0xEC22;MIDI_COMP_BL_NBR_9_ICN
0xEF7F1D;0xEC23;MIDI_COMP_BREAK_ICN
0x41C96E;0xEC24;MIDI_COMP_BREAK_SEPARATOR_ICN
0x0928BB;0xEC25;MIDI_COMP_BREAK_SMALL_ICN
0x5F32DE;0xEC26;MIDI_COMP_CHORUS_ICN
0x9DF26A;0xEC27;MIDI_COMP_CHORUS_SEPARATOR_ICN
0xD513BF;0xEC28;MIDI_COMP_CHORUS_SMALL_ICN
0xF4EC74;0xEC29;MIDI_COMP_COMP_ICN
0x534356;0xEC2A;MIDI_COMP_CURSOR_ICN
0xEE7813;0xEC2B;MIDI_COMP_DRUMS_ICN
0x1208A3;0xEC2C;MIDI_COMP_INTRO_BACKGROUND_BOTTOM_ICN
0x2F2BB3;0xEC2D;MIDI_COMP_INTRO_BACKGROUND_TOP_ICN
0xDE4B48;0xEC2E;MIDI_COMP_INTRO_ICN
0x049A7D;0xEC2F;MIDI_COMP_INTRO_SEPARATOR_ICN
0x4C7BA8;0xEC30;MIDI_COMP_INTRO_SMALL_ICN
0x2A49C7;0xEC31;MIDI_COMP_L_ACCENTS_ICN
0x12242B;0xEC32;MIDI_COMP_L_BASS_ICN
0x0F06AE;0xEC33;MIDI_COMP_L_COMP_ICN
0x14CEAD;0xEC34;MIDI_COMP_L_DRUMS_ICN
0x2FB774;0xEC35;MIDI_COMP_OUTL_BL_ICN
0xB1E9BF;0xEC36;MIDI_COMP_PLAYING_MARK_ICN
0xEF3E8B;0xEC37;MIDI_COMP_TRACK_ICN
0xBA2A93;0xEC38;MIDI_COMP_VERSE_ICN
0x192C3B;0xEC39;MIDI_COMP_VERSE_SEPARATOR_ICN
0x51CDEE;0xEC3A;MIDI_COMP_VERSE_SMALL_ICN
0x18CA94;0xEC3B;DB_POPUP_SOUND_ICN
0x8EE555;0xEC3C;MIDI_SILENT_ICN
0xB21C0A;0xEC3D;MINIPLAYER_BACKGROUND_ICN
0xBD0A70;0xEC3E;MINIPLAYER_PAUSE_ICN
0x34668C;0xEC3F;MINIPLAYER_PLAY_ICN
0xB43504;0xEC40;MISCELLANEOUS_ICN
0xF0B6DA;0xEC41;MMS_AMR_SOUND_ICN
0x981BEE;0xEC42;MMS_CURSOR_1_ICN
0x981BED;0xEC43;MMS_CURSOR_2_ICN
0xC7C39A;0xEC44;MMS_IMELODY_SOUND_ICN
0xDC3DF8;0xEC45;MMS_JAVA_FILE_ICN
0xB6E06D;0xEC46;MMS_MELODY_ICN
0xB7AFC2;0xEC47;MMS_MIDI_SOUND_ICN
0xE0F2B9;0xEC48;MMS_NEW_MESSAGE_ICN
0x86ADC1;0xEC49;MMS_NEW_MESSAGE_SLEEPMODE_ICN
0x151F82;0xEC4A;MMS_NEW_PAGE_ADDED_ICN
0x57CD75;0xEC4B;MMS_NEXT_PAGE_DISABLED_ICN
0x2BEF3B;0xEC4C;MMS_NEXT_PAGE_ENABLED_ICN
0xACE03D;0xEC4D;MMS_PAGE_ICN
0x00CA84;0xEC4E;MMS_PAUSE_MESSAGE_ICN
0x4CD103;0xEC4F;MMS_PLAY_MESSAGE_ICN
0x922A78;0xEC50;MMS_PREVIOUS_PAGE_DISABLED_ICN
0x1CF8A7;0xEC51;MMS_PREVIOUS_PAGE_ENABLED_ICN
0xD73554;0xEC52;MMS_SOUND_RECORDING_TEMPLATE_ICN
0x5855B8;0xEC53;MMS_STOP_MESSAGE_ICN
0xE66F4E;0xEC54;MMS_UI_POSTCARD_MESSAGE_DELIVERED_ICN
0xB5446D;0xEC55;MMS_UI_POSTCARD_MESSAGE_ICN
0xD5CAF9;0xEC56;MMS_UI_POSTCARD_MESSAGE_REJECTED_ICN
0x02E1E0;0xEC57;MMS_UI_RECEIVING_JAVA_MESSAGE_POPUP_ICN
0xF82DD0;0xEC58;MMS_UI_SENDING_JAVA_MESSAGE_POPUP_ICN
0x9BFE98;0xEC59;MMS_UNKNOWN_FILE_FORMAT_ICN
0x9C7A3F;0xEC5A;MMS_UNLOADED_FILE_ICN
0xCE98C6;0xEC5B;MMT_BACKGROUND_BITMAP_ICN
0x623580;0xEC5C;MMT_BRIGHTNESS_BAR_ICN
0xF3104D;0xEC5D;MMT_BRIGHTNESS_BAR_IND_ICN
0xF2871B;0xEC5E;MMT_BRIGHTNESS_ICN
0x2CC3F6;0xEC5F;MMT_BRIGHTNESS_LEFT_ICN
0x98E86B;0xEC60;MMT_BRIGHTNESS_RIGHT_ICN
0x63408C;0xEC61;MMT_BRIGHTNESS_SUN_ICN
0x372E8A;0xEC62;MMT_CAMERA_TURNED_OFF_ICN
0x51430F;0xEC63;MMT_DESKTOP_ICN
0xC813C0;0xEC64;MMT_DESKTOP_SELECTED_ICN
0xF601BF;0xEC65;MMT_LARGE_BACKGROUND_ICN
0x239DC4;0xEC66;MMT_MICROPHONE_TURNED_OFF_ICN
0x3733F0;0xEC67;MMT_MIDDLE_SOFTKEY_ICN
0x81FE4B;0xEC68;MMT_NIGHT_ICN
0xED3183;0xEC69;MMT_OFF_HOOK_ICN
0x299908;0xEC6A;MMT_PAUSE_IMAGE_ICN
0xB936EA;0xEC6B;MMT_SNAP_ICN
0xDC7C0E;0xEC6C;MMT_VIEWFINDER_CROSS_ICN
0x08938E;0xEC6D;MMT_ZOOM_BACKGROUND_ICN
0x9CF791;0xEC6E;MMT_ZOOM_DOWN_ICN
0x45C265;0xEC6F;MMT_ZOOM_ICN
0x922106;0xEC70;MMT_ZOOM_MAGNIFIER_ICN
0x58370B;0xEC71;MMT_ZOOM_UP_ICN
0xF65900;0xEC72;MP_BR_BACKGROUND_ICN
0xBDFC6A;0xEC73;MP_BR_HIGHLIGHT_ICN
0xE8BD0C;0xEC74;MP_BR_LEFTARROW_ICN
0xA20AC8;0xEC75;MP_BR_LISTARTIST_ICN
0x0192A3;0xEC76;MP_BR_LISTLINK_ICN
0xDF9A0C;0xEC77;MP_BR_LISTNOWPLAYING_ICN
0x64C2C8;0xEC78;MP_BR_LISTPLAYLIST_ICN
0x98982F;0xEC79;MP_BR_LISTTRACK_ICN
0xBCE8A1;0xEC7A;MP_BR_LISTVIDEO_ICN
0x6D0DF1;0xEC7B;MP_BR_NEW_PLAYLIST_ICN
0x871952;0xEC7C;MP_BR_TITLEALBUM_ICN
0x4770C1;0xEC7D;MP_BR_TITLEARTIST_ICN
0xD88A34;0xEC7E;MP_BR_TITLEBACK_ICN
0xC45C9F;0xEC7F;MP_BR_TITLEPLAYLIST_ICN
0xBF0DC7;0xEC80;MP_BR_TITLETRACK_ICN
0x9B7D49;0xEC81;MP_BR_TITLEVIDEO_ICN
0x74160A;0xEC82;MP_BR_TOPW_ICN
0x2D6736;0xEC83;MP_EQ_BASS_ICN
0xFF1D06;0xEC84;MP_EQ_MANUAL_ICN
0x75833C;0xEC85;MP_EQ_MEGABASS_ICN
0xCF9D54;0xEC86;MP_EQ_NORMAL_ICN
0x2A62C3;0xEC87;MP_EQ_TREBLEBOOST_ICN
0xC8CF62;0xEC88;MP_EQ_VOICE_ICN
0x77603B;0xEC89;MP_EQUALIZER_MEGABASS_ICN
0x4054F0;0xEC8A;MP_FULLSCREEN_BACK_ICN
0x18E034;0xEC8B;MP_NOW_PLAYING_ICN
0x579BEE;0xEC8C;MSG_HALFLIST_SAVED_ON_SIM_ICN
0xC1025D;0xEC8D;MSG_UI_2ROW_MS_ICN
0x8DE653;0xEC8E;MSG_UI_2ROW_PHONE_ICN
0x3E02A3;0xEC8F;MSG_UI_ATTACHMENT_CALENDAR_ICN
0x4BFEB9;0xEC90;MSG_UI_ATTACHMENT_CAMERA_PHOTO_ICN
0x624B44;0xEC91;MSG_UI_ATTACHMENT_CONTACT_ICN
0x862E4E;0xEC92;MSG_UI_ATTACHMENT_ICN
0xA2B9CE;0xEC93;MSG_UI_ATTACHMENT_MELODY_ICN
0x0FF238;0xEC94;MSG_UI_ATTACHMENT_NOTE_ICN
0x770FEA;0xEC95;MSG_UI_ATTACHMENT_ON_SERVER_ICN
0x625C0C;0xEC96;MSG_UI_ATTACHMENT_PICTURE_ICN
0x255EB6;0xEC97;MSG_UI_ATTACHMENT_SOUND_ICN
0x005EF4;0xEC98;MSG_UI_ATTACHMENT_THEME_ICN
0x4A438D;0xEC99;MSG_UI_ATTACHMENT_UNKNOWN_ICN
0xAB94BF;0xEC9A;MSG_UI_CB_SETTINGS_HIGHLIGHT_ICN
0x7A30BC;0xEC9B;MSG_UI_CB_SETTINGS_ICN
0xA2158A;0xEC9C;MSG_UI_CELL_BROADCAST_ICN
0xD14D3F;0xEC9D;MSG_UI_CELL_BROADCAST_LARGE_ICN
0x5ECDD7;0xEC9E;MSG_UI_CELL_BROADCAST_STATUS_BAR_ICN
0xC267EF;0xEC9F;MSG_UI_CURRENTLY_SENT_ICN
0xF71B38;0xECA0;MSG_UI_CURRENTLY_SENT_LARGE_ICN
0x1916A7;0xECA1;MSG_UI_DAMAGED_EMAIL_MESSAGE_ICN
0x484F4B;0xECA2;MSG_UI_DAMAGED_MULTIMEDIA_MESSAGE_ICN
0xE0C982;0xECA3;MSG_UI_DAMAGED_TEXT_MESSAGE_ICN
0x37FB80;0xECA4;MSG_UI_DELIVERED_AND_READ_MESSAGE_ICN
0x8BFB1E;0xECA5;MSG_UI_DELIVERED_EMAIL_MESSAGE_ICN
0xF3212F;0xECA6;MSG_UI_DELIVERED_MULTIMEDIA_MESSAGE_ICN
0x9B182C;0xECA7;MSG_UI_DELIVERED_MULTIMEDIA_MESSAGE_LARGE_ICN
0x068234;0xECA8;MSG_UI_DELIVERED_TEXT_MESSAGE_ICN
0xAAA776;0xECA9;MSG_UI_DELIVERED_TEXT_MESSAGE_LARGE_ICN
0xE58104;0xECAA;MSG_UI_DELIVERY_REPORT_ICN
0xA9D196;0xECAB;MSG_UI_DELIVERY_STATUS_ICN
0x8BDFA3;0xECAC;MSG_UI_DOWNLOAD_ACTIVITY_STATUS_BAR_ICN
0xCD4A98;0xECAD;MSG_UI_DOWNLOADING_MULTIMEDIA_MESSAGE_ICN
0x08AD3A;0xECAE;MSG_UI_EMAIL_MESSAGE_ICN
0x5A4794;0xECAF;MSG_UI_EMAIL_MESSAGE_LARGE_ICN
0x7E9344;0xECB0;MSG_UI_EMAIL_MESSAGE_SLEEPMODE_ICN
0x9C6735;0xECB1;MSG_UI_EMAIL_MESSAGE_STATUS_BAR_ICN
0x96CEA2;0xECB2;MSG_UI_EMAIL_NOTIFICATION_ICN
0xFE1EBB;0xECB3;MSG_UI_EMAIL_NOTIFICATION_STATUS_BAR_ICN
0x39691E;0xECB4;MSG_UI_EMAIL_ON_SERVER_ICN
0x1FA8DF;0xECB5;MSG_UI_EMAIL_VIEW_MESSAGE_ICN
0xCC3A36;0xECB6;MSG_UI_EMAIL_VIEW_MSG_ATTACH_ICN
0x75CD60;0xECB7;MSG_UI_EXPIRED_MULTIMEDIA_MESSAGE_ICN
0x5FE042;0xECB8;MSG_UI_EXPIRED_MULTIMEDIA_MESSAGE_LARGE_ICN
0xC27A5A;0xECB9;MSG_UI_EXPIRED_TEXT_MESSAGE_ICN
0x2C4B39;0xECBA;MSG_UI_EXPIRED_TEXT_MESSAGE_LARGE_ICN
0x93A54C;0xECBB;MSG_UI_FILM_FRAME_ICN
0x647CB0;0xECBC;MSG_UI_FLIGHTMODE_LARGE_ICN
0x5D6229;0xECBD;MSG_UI_FORWARDED_MESSAGE_ICN
0xAF171D;0xECBE;MSG_UI_FORWARDED_MULTIMEDIA_MESSAGE_ICN
0xCD4215;0xECBF;MSG_UI_ITEM_ROTATE_FLIP_ICN
0xA4F551;0xECC0;MSG_UI_ITEM_ROTATE_LEFT_ICN
0x954189;0xECC1;MSG_UI_ITEM_ROTATE_RIGHT_ICN
0x424F33;0xECC2;MSG_UI_MEMORY_STICK_ICN
0x32A68B;0xECC3;MSG_UI_MESSAGE_ICN
0xD5F781;0xECC4;MSG_UI_MESSAGE_SETTINGS_HIGHLIGHT_ICN
0x49D75A;0xECC5;MSG_UI_MESSAGE_SETTINGS_ICN
0x588F1B;0xECC6;MSG_UI_MESSAGE_STATUS_BAR_ICN
0xEC3509;0xECC7;MSG_UI_MMS_SETTINGS_HIGHLIGHT_ICN
0x6154C6;0xECC8;MSG_UI_MMS_SETTINGS_ICN
0x26A80F;0xECC9;MSG_UI_MULTIMEDIA_MESSAGE_ICN
0x091574;0xECCA;MSG_UI_MULTIMEDIA_MESSAGE_LARGE_ICN
0x1315E2;0xECCB;MSG_UI_MULTIMEDIA_MESSAGE_ON_SERVER_ICN
0x48DF21;0xECCC;MSG_UI_MULTIMEDIA_MESSAGE_STATUS_BAR_ICN
0x224371;0xECCD;MSG_UI_MULTIMEDIA_TEMPLATE_ICN
0xFFCA75;0xECCE;MSG_UI_NO_ATTACHMENT_ICN
0xD61BB5;0xECCF;MSG_UI_PARTLY_DOWNLOADED_EMAIL_MESSAGE_ICN
0x8B0BF8;0xECD0;MSG_UI_PARTLY_DOWNLOADED_MULTIMEDIA_MESSAGE_ICN
0x0775D8;0xECD1;MSG_UI_PHONE_MEMORY_ICN
0xD98A69;0xECD2;MSG_UI_PLAYING_SOUND_ICN
0x388B3B;0xECD3;MSG_UI_PLAYING_VOICE_MESSAGE_ICN
0x9FF762;0xECD4;MSG_UI_POPUP_DELIVERED_AND_READ_MESSAGE_ICN
0xA368AE;0xECD5;MSG_UI_POPUP_READ_ICN
0x47F6BC;0xECD6;MSG_UI_POPUP_SENDING_MESSAGE_FLIGHTMODE_ICN
0x7E6B17;0xECD7;MSG_UI_PREDEFINED_TEXT_TEMPLATE_ICN
0xD01484;0xECD8;MSG_UI_PRIORITY_HIGH_ICN
0x986579;0xECD9;MSG_UI_PRIORITY_LOW_ICN
0xC4641B;0xECDA;MSG_UI_PRIORITY_NORMAL_ICN
0x7CED06;0xECDB;MSG_UI_READ_CELL_BROADCAST_ICN
0x3BD6D8;0xECDC;MSG_UI_READ_EMAIL_MESSAGE_ICN
0x874A29;0xECDD;MSG_UI_READ_EMAIL_ON_SERVER_ICN
0xF85083;0xECDE;MSG_UI_READ_MULTIMEDIA_MESSAGE_ICN
0x683882;0xECDF;MSG_UI_READ_PARTLY_DOWNLOADED_EMAIL_MESSAGE_ICN
0x1C4283;0xECE0;MSG_UI_READ_TEXT_MESSAGE_ICN
0x8DEBAB;0xECE1;MSG_UI_READ_WAP_PUSH_MESSAGE_ICN
0x46DB87;0xECE2;MSG_UI_RECIPIENT_SEPARATOR_ICN
0x328ED3;0xECE3;MSG_UI_RECIPIENTS_BCC_ICN
0xB3AC60;0xECE4;MSG_UI_RECIPIENTS_CC_ICN
0x6B2729;0xECE5;MSG_UI_RECIPIENTS_FROM_ICN
0xB3A834;0xECE6;MSG_UI_RECIPIENTS_TO_ICN
0xC097D4;0xECE7;MSG_UI_REJECTED_MULTIMEDIA_MESSAGE_ICN
0xF4AB17;0xECE8;MSG_UI_REJECTED_MULTIMEDIA_MESSAGE_LARGE_ICN
0x69310F;0xECE9;MSG_UI_REJECTED_TEXT_MESSAGE_ICN
0x99118D;0xECEA;MSG_UI_REJECTED_TEXT_MESSAGE_LARGE_ICN
0xF6369F;0xECEB;MSG_UI_REPLIED_MESSAGE_ICN
0x3DB2C9;0xECEC;MSG_UI_SEND_FAILED_ICN
0xA574C5;0xECED;MSG_UI_SEND_FAILED_LARGE_ICN
0x412CCD;0xECEE;MSG_UI_SEND_FORM_EMAIL_ICN
0x245E01;0xECEF;MSG_UI_SEND_FORM_MMS_ICN
0xC2206A;0xECF0;MSG_UI_SEND_FORM_POSTCARD_ICN
0x24FE01;0xECF1;MSG_UI_SEND_FORM_SMS_ICN
0xE9CC57;0xECF2;MSG_UI_SEND_FORM_VOICE_MSG_ICN
0x8E5385;0xECF3;MSG_UI_SEND_QUEUE_ICN
0xB1BFFB;0xECF4;MSG_UI_SEND_QUEUE_LARGE_ICN
0x2CA710;0xECF5;MSG_UI_SENDING_SMS_ANIM_00_ICN
0x2CA711;0xECF6;MSG_UI_SENDING_SMS_ANIM_01_ICN
0x2CA712;0xECF7;MSG_UI_SENDING_SMS_ANIM_02_ICN
0x2CA713;0xECF8;MSG_UI_SENDING_SMS_ANIM_03_ICN
0x2CA714;0xECF9;MSG_UI_SENDING_SMS_ANIM_04_ICN
0x2CA715;0xECFA;MSG_UI_SENDING_SMS_ANIM_05_ICN
0x2CA716;0xECFB;MSG_UI_SENDING_SMS_ANIM_06_ICN
0x4ED718;0xECFC;MSG_UI_SENT_EMAIL_MESSAGE_ICN
0xB8209E;0xECFD;MSG_UI_SENT_MULTIMEDIA_MESSAGE_ICN
0x1D9684;0xECFE;MSG_UI_SENT_TEXT_MESSAGE_ICN
0xD404AC;0xECFF;MSG_UI_SMS_SETTINGS_HIGHLIGHT__ICN
0x4954C6;0xED00;MSG_UI_SMS_SETTINGS_ICN
0xEC23B5;0xED01;MSG_UI_SMS_VIEW_MESSAGE_ICN
0x70A590;0xED02;MSG_UI_TEMPLATE_MULTIMEDIA_ICN
0xD01CFB;0xED03;MSG_UI_TEMPLATE_SMS__ICN
0xD59382;0xED04;MSG_UI_TEMPLATE_TEXT_ICN
0x948F6C;0xED05;MSG_UI_TEXT_MESSAGE_ICN
0x7F2E56;0xED06;MSG_UI_TEXT_MESSAGE_LARGE_ICN
0x652EC0;0xED07;MSG_UI_TEXT_MESSAGE_ON_SERVER_ICN
0xC617BC;0xED08;MSG_UI_TEXT_MESSAGE_STATUS_BAR_ICN
0xAB9B9D;0xED09;MSG_UI_TEXT_TEMPLATE_ICN
0x9E60D4;0xED0A;MSG_UI_UNIFIED_MESSAGE_ICN
0x9C6DA4;0xED0B;MSG_UI_UNSENT_EMAIL_MESSAGE_ICN
0x168FAA;0xED0C;MSG_UI_UNSENT_MULTIMEDIA_MESSAGE_ICN
0xEEDC6E;0xED0D;MSG_UI_UNSENT_TEXT_MESSAGE_ICN
0x4F09F3;0xED0E;MSG_UI_UNSENT_TEXT_MESSAGE_LARGE_ICN
0x159A91;0xED0F;MSG_UI_UPLOAD_ACTIVITY_STATUS_BAR_ICN
0x052644;0xED10;MSG_UI_WAP_PUSH_MESSAGE_ICN
0xEDA74C;0xED11;MSG_UI_WAP_PUSH_MESSAGE_LARGE_ICN
0x645118;0xED12;MSG_UI_WAP_PUSH_MESSAGE_STATUS_BAR_ICN
0xA2AE9C;0xED13;MSG_UI_WAP_PUSH_SETTINGS_HIGHLIGHT_ICN
0xD8002F;0xED14;MSG_UI_WAP_PUSH_SETTINGS_ICN
0x312AB0;0xED15;MSG_UI_VOICE_MESSAGE_ICN
0x6AC797;0xED16;MSG_UI_VOICE_MESSAGE_POPUP_ICN
0x7F9DDB;0xED17;MSG_UI_VOICE_RECORDING_ICN
0x8E1D19;0xED18;NETWORK_WCDMA_FORBIDDEN_ICN
0xF567B2;0xED19;NETWORK_WCDMA_ICN
0xA4D85D;0xED1A;NOT_RECURRENT_ICN
0xCB6422;0xED1B;NT_NOTES_MENU_ICN
0x560BE0;0xED1C;NT_POPUP_RECEIVED_VNOTE_2ND_ICN
0xD756DD;0xED1D;NT_POPUP_VNOTE_RECEIVED_ICN
0x96B6D5;0xED1E;NT_POSTED_ICN
0xCE2842;0xED1F;OFF_HOOK_2_ICN
0x90A758;0xED20;OHF_ICN
0xD520E7;0xED21;ON_HOOK_ICN
0x9B2024;0xED22;OPERATOR_RIGHT_SK_ICN
0x91CEC2;0xED23;ORGANIZER_MENU_APPLICATIONS_ICN
0x31239E;0xED24;OTA_CHECKED_ICN
0xF2354D;0xED25;OTA_FAILED_ICN
0xE43094;0xED26;OTHER_ICN
0xCAE0A3;0xED27;OUTGOING_CALL_ANIM_00
0x5BC3B5;0xED28;OUTGOING_CALL_ANIM_01_ICN
0x5BC3B6;0xED29;OUTGOING_CALL_ANIM_02_ICN
0x5BC3B7;0xED2A;OUTGOING_CALL_ANIM_03_ICN
0x5BC3B0;0xED2B;OUTGOING_CALL_ANIM_04_ICN
0x5BC3B1;0xED2C;OUTGOING_CALL_ANIM_05_ICN
0x189544;0xED2D;PARTLY_DOWNLOADED_MESSAGE_READ_ICN
0xB02858;0xED2E;PARTLY_DOWNLOADED_MESSAGE_UNREAD_ICN
0x91255B;0xED2F;PC_ICN
0x90B05D;0xED30;PDA_ICN
0x16075C;0xED31;PHF_STATUS_BAR_ICN
0x517078;0xED32;PHONE_CALL_OFF_ICN
0xD4A6C0;0xED33;PHONE_ICN
0xF45370;0xED34;PIC_EDIT_ADD_EFFECTS_ICN
0xF5326C;0xED35;PIC_EDIT_ADD_OBJECTS_ICN
0x3A6CD7;0xED36;PIC_EDIT_AUTO_LEVEL_ICN
0x4057D8;0xED37;PIC_EDIT_BRIGHT_CONTRAST_ICN
0xA29C26;0xED38;PIC_EDIT_CONTROL_BAR_HORIZ_ICN
0xE08DE4;0xED39;PIC_EDIT_CONTROL_BAR_VERT_ICN
0x9994E2;0xED3A;PIC_EDIT_CONTROL_SLIDER_HORIZ_ICN
0xF061C7;0xED3B;PIC_EDIT_CONTROL_SLIDER_VERT_ICN
0xCE4019;0xED3C;PIC_EDIT_ENHANCE_LIGHT_ICN
0xB2BB8A;0xED3D;PIC_EDIT_REDEYE_REMOVAL_ICN
0x02B55F;0xED3E;PIC_EDIT_ROTATE_ICN
0x54B562;0xED3F;PIC_IN_LIST_ICN
0xF08B5D;0xED40;PICTURE_MSG_ON_PHONE_ICN
0xAF274C;0xED41;POPUP_BIG_WARNING_ICN
0xDB8969;0xED42;POPUP_BT_ACTIVATED_HIDE_ICN
0xC11D33;0xED43;POPUP_BT_ACTIVATED_ICN
0x080C83;0xED44;POPUP_DELIVERED_MESSAGE_ICN
0xB54DB8;0xED45;POPUP_INCOMING_ITEM_ICN
0xA57D33;0xED46;POPUP_IR_ACTIVATED_ICN
0x347421;0xED47;POPUP_KEYLOCK_ICN
0xD8C882;0xED48;POPUP_LOW_BATTERY_BT_ACCESSORY_ICN
0x85B6C8;0xED49;POPUP_LOW_BATTERY_ICN
0x21963A;0xED4A;POPUP_MISSED_CALL_ICN
0x953119;0xED4B;POPUP_MMT_MIRRORED_ICN
0x8000A5;0xED4C;POPUP_NEW_MESSAGE_ICN
0x116539;0xED4D;POPUP_NEW_MMS_MESSAGE_ICN
0xEAA29D;0xED4E;POPUP_NEW_VOICEMAIL_ICN
0x5C0701;0xED4F;POPUP_PROFILE_ICN
0xA4FBD5;0xED50;POPUP_SAVED_VCALENDAR
0x6909DA;0xED51;POPUP_SAVED_VCARD_ICN
0xB59542;0xED52;POPUP_SENDING_MESSAGE_ICN
0x65E164;0xED53;POPUP_SENT_MESSAGE_ICN
0xC60786;0xED54;POPUP_SILENT_ICN
0x9007E7;0xED55;POPUP_SILENT_MODE_OFF_ICN
0x186C44;0xED56;POPUP_SOUND_AMR_ICN
0x251DB4;0xED57;POPUP_SWITCH_CALL_ICN
0x92E7A2;0xED58;POPUP_THEME_CHANGE_ICN
0x3F93DC;0xED59;POPUP_WARNING_ICN
0xBCD2D2;0xED5A;PRE_DEFINED_TEMPLATE_ICN
0x808604;0xED5B;PREFERRED_NETWORK_ICN
0xDBB6CD;0xED5C;PREMIUM_CHARGE_ICN
0x34E2FE;0xED5D;PREPLAY_DESKTOP_ICN
0xA06F99;0xED5E;PREPLAY_DESKTOP_SELECTED_ICN
0xCD665E;0xED5F;PRINTER_ICN
0x804AF6;0xED60;PRO_NORMAL_J_ICN
0x9C0D74;0xED61;PROFILE_HOME_LIST_ICN
0xF2EB01;0xED62;PROFILE_HOME_POPUP_ICN
0xBFA48D;0xED63;PROFILE_HOME_STATUS_BAR_ICN
0xAE14B7;0xED64;PROFILE_INCAR_LIST_ICN
0x749BCD;0xED65;PROFILE_INCAR_POPUP_ICN
0x2397AC;0xED66;PROFILE_INCAR_STATUS_BAR_ICN
0xF97618;0xED67;PROFILE_MEETING_LIST_ICN
0xAC3018;0xED68;PROFILE_MEETING_POPUP_ICN
0x0962DA;0xED69;PROFILE_MEETING_STATUS_BAR_ICN
0x3164E3;0xED6A;PROFILE_NORMAL_LIST_ICN
0xA88EEA;0xED6B;PROFILE_NORMAL_POPUP_ICN
0x26DE5B;0xED6C;PROFILE_NORMAL_STATUS_BAR_ICN
0x21F7F7;0xED6D;PROFILE_OFFICE_LIST_ICN
0x8C4BEE;0xED6E;PROFILE_OFFICE_POPUP_ICN
0x179F52;0xED6F;PROFILE_OFFICE_STATUS_BAR_ICN
0xE50AA5;0xED70;PROFILE_OUTDOORS_LIST_ICN
0xB31F5F;0xED71;PROFILE_OUTDOORS_POPUP_ICN
0xC2B31D;0xED72;PROFILE_OUTDOORS_STATUS_BAR_ICN
0x8DF245;0xED73;PROFILE_PHF_LIST_ICN
0x8D2745;0xED74;PROFILE_PHF_POPUP_ICN
0x4CB592;0xED75;PROFILE_PHF_STATUS_BAR_ICN
0x4976CC;0xED76;PROFILE_SETTING_ICN
0x9D3905;0xED77;PROFILE_TTY_LIST_ICN
0xBFF741;0xED78;PROFILE_TTY_POPUP_ICN
0xF8B49E;0xED79;PROFILE_TTY_STATUS_BAR_ICN
0x9DA785;0xED7A;PROGRESS_BAR_BACKGROUND_ICN
0x81B49E;0xED7B;PROGRESS_BAR_PAUSE_ICN
0x8C9477;0xED7C;PROGRESS_BAR_PLAY_ICN
0x99730C;0xED7D;PROGRESS_BAR_REC_ICN
0x9810CC;0xED7E;PROGRESS_BAR_STOP_ICN
0x295242;0xED7F;PTT_CONTACT_LIST_SEL_ICN
0xE0EB07;0xED80;PTT_CONTACT_LIST_UNSEL_ICN
0xF55D41;0xED81;PTT_OMA_APPL_ANIME_ICN
0xBC0082;0xED82;PTT_OMA_APPL_ICN
0xF0DE06;0xED83;PTT_OMA_CL_AVAILABLE_ICN
0x6CD69C;0xED84;PTT_OMA_CL_BLOCKED_ICN
0xBC1386;0xED85;PTT_OMA_CL_BUSY_ICN
0x74169B;0xED86;PTT_OMA_CL_DEFAULT_ICN
0x5DF584;0xED87;PTT_OMA_CL_DND_ICN
0x098648;0xED88;PTT_OMA_CL_OFFLINE_ICN
0xBEF1D5;0xED89;PTT_OMA_CL_SILENT_ICN
0xE57618;0xED8A;PTT_OMA_CONNECTING_ICN
0xB80712;0xED8B;PTT_OMA_DEFAULT_ICN
0x51F7D0;0xED8C;PTT_OMA_DESKTOP_SEL_ICN
0xB9CC8D;0xED8D;PTT_OMA_DESKTOP_UNSEL_ICN
0x3D028E;0xED8E;PTT_OMA_GROUPS_SEL_ICN
0xC4935F;0xED8F;PTT_OMA_GROUPS_TAB_UNSEL_ICN
0xE5B2A0;0xED90;PTT_OMA_HISTORY_TAB_SEL_ICN
0xEEC7C9;0xED91;PTT_OMA_HISTORY_TAB_UNSEL_ICN
0xB13E06;0xED92;PTT_OMA_SB_AVAILABLE_ICN
0xBD1406;0xED93;PTT_OMA_SB_BUSY_ICN
0x5DF19A;0xED94;PTT_OMA_SB_DND_ICN
0x3DC603;0xED95;PTT_OMA_SETTINGS_SEL_ICN
0xA4FA4E;0xED96;PTT_OMA_SETTINGS_UNSEL_ICN
0x904751;0xED97;PTT_OMA_SHORTCUT_ICN
0x98678D;0xED98;PTT_OMA_TALKER_ICN
0xACC553;0xED99;RADIOBUTTON_ICN
0x15F98E;0xED9A;RDJ_ALBUM_FRAME_ICN
0xAA405C;0xED9B;RDJ_ARTIST_ICN
0x1F1250;0xED9C;RDJ_BACKGROUND_DIM_ICN
0x8FC6C6;0xED9D;RDJ_BACKGROUND_ICN
0x68DA9E;0xED9E;RDJ_BR_BUY_TRACKS_ICN
0x12D0DE;0xED9F;RDJ_BR_CHANNEL_ICN
0xEA2C84;0xEDA0;RDJ_BR_COLLECTION_ICN
0xA0C85F;0xEDA1;RDJ_BR_DEFAULT_COLLECTION_ICN
0x07E87A;0xEDA2;RDJ_BR_MY_CHANNEL_ICN
0x83A37E;0xEDA3;RDJ_BR_NEW_CHANNEL_ICN
0xD426AC;0xEDA4;RDJ_BR_WISHLIST_ICN
0x5D279B;0xEDA5;RDJ_CHANNEL_ICN
0x98A551;0xEDA6;RDJ_PLAY_ICN
0xDCFE94;0xEDA7;RDJ_PLAY_LARGE_ICN
0x01842B;0xEDA8;RDJ_RATE_DIM_ICN
0x54A12F;0xEDA9;RDJ_RATE_DISLIKE_ICN
0x9150BD;0xEDAA;RDJ_RATE_ICN
0xD8ECBD;0xEDAB;RDJ_RATE_LIKE_ICN
0xF7C20F;0xEDAC;RDJ_SKIP_FF_DIM_ICN
0x671699;0xEDAD;RDJ_SKIP_FF_ICN
0x8DD45C;0xEDAE;RDJ_SKIP_REW_DIM_ICN
0x1D00CA;0xEDAF;RDJ_SKIP_REW_ICN
0x8C21EA;0xEDB0;RDJ_STOP_ICN
0x974FDC;0xEDB1;RDJ_STOP_LARGE_ICN
0x01465D;0xEDB2;RDJ_TOP_ICN
0x0D4897;0xEDB3;RDJ_TRACK_DISLIKE_ICN
0xC8B905;0xEDB4;RDJ_TRACK_ICN
0xA282AB;0xEDB5;RDJ_TRACK_LIKE_ICN
0x624720;0xEDB6;REAL_MEDIA_STATUS_BAR_ICN
0xF48812;0xEDB7;REJECTED_EXPIRED_MESSAGE_ICN
0x725134;0xEDB8;RN_SHORTCUT_LIST_BT_ICN
0xF2BAF5;0xEDB9;RN_SHORTCUT_LIST_CALENDAR_ICN
0x16DCA1;0xEDBA;RN_SHORTCUT_LIST_CALL_LIST_ICN
0x2AB629;0xEDBB;RN_SHORTCUT_LIST_CAMERA_ICN
0x1139A5;0xEDBC;RN_SHORTCUT_LIST_CONNECT_ICN
0x7250A2;0xEDBD;RN_SHORTCUT_LIST_DB_ICN
0x1B3C0B;0xEDBE;RN_SHORTCUT_LIST_ENTERTAINMENT_ICN
0xB6DA4C;0xEDBF;RN_SHORTCUT_LIST_GENERIC_SHORTCUT_ICN
0x270011;0xEDC0;RN_SHORTCUT_LIST_IMODE_DOJA_ICN
0x725772;0xEDC1;RN_SHORTCUT_LIST_IR_ICN
0x23AA9C;0xEDC2;RN_SHORTCUT_LIST_LIGHT_ICN
0x2EFAEC;0xEDC3;RN_SHORTCUT_LIST_MEDIAPLAYER_ICN
0xC628FE;0xEDC4;RN_SHORTCUT_LIST_MENU_ICN
0x124C18;0xEDC5;RN_SHORTCUT_LIST_MESSAGING_ICN
0xD688A0;0xEDC6;RN_SHORTCUT_LIST_OPERATOR_ICN
0x02AD17;0xEDC7;RN_SHORTCUT_LIST_PHONEBOOK_ICN
0x29D8C3;0xEDC8;RN_SHORTCUT_LIST_PREPLAY_ICN
0x4CDE32;0xEDC9;RN_SHORTCUT_LIST_SAT_ICN
0xA75E61;0xEDCA;RN_SHORTCUT_LIST_SETTINGS_ICN
0x26B126;0xEDCB;RN_SHORTCUT_LIST_SILENT_ICN
0x7F9501;0xEDCC;RN_SHORTCUT_LIST_SPEED_DIAL_ICN
0x4F1E36;0xEDCD;RN_SHORTCUT_LIST_WAP_ICN
0x725434;0xEDCE;RN_SHORTCUT_LIST_VT_ICN
0x725BF6;0xEDCF;RN_SHORTCUT_LIST_WV_ICN
0x32C488;0xEDD0;RN_TAB_BOOKMARKS_DESELECTED_ANI_ICN
0x59C4F8;0xEDD1;RN_TAB_BOOKMARKS_DESELECTED_DISABLED_ICN
0xA2615A;0xEDD2;RN_TAB_BOOKMARKS_DESELECTED_ICN
0x3CB721;0xEDD3;RN_TAB_BOOKMARKS_SELECTED_ANI_ICN
0xAC12F3;0xEDD4;RN_TAB_BOOKMARKS_SELECTED_ICN
0x7A17DF;0xEDD5;RN_TAB_EVENT_DESELECTED_ANI_ICN
0x6D112A;0xEDD6;RN_TAB_EVENT_DESELECTED_DISABLED_ICN
0xEAB20D;0xEDD7;RN_TAB_EVENT_DESELECTED_ICN
0x09C3AC;0xEDD8;RN_TAB_EVENT_SELECTED_ANI_ICN
0x99667E;0xEDD9;RN_TAB_EVENT_SELECTED_ICN
0x379E36;0xEDDA;RN_TAB_MY_SHORTCUTS_DESELECTED_ANI_ICN
0x0F6B79;0xEDDB;RN_TAB_MY_SHORTCUTS_DESELECTED_DISABLED_ICN
0xA73BE4;0xEDDC;RN_TAB_MY_SHORTCUTS_DESELECTED_ICN
0x07F2A6;0xEDDD;RN_TAB_MY_SHORTCUTS_SELECTED_ICN
0x696664;0xEDDE;RN_TAB_OPERATOR_DESELECTED_DISABLED_ICN
0xD2A3D0;0xEDDF;RN_TAB_OPERATOR_DESELECTED_ICN
0x84B5FF;0xEDE0;RN_TAB_OPERATOR_SELECTED_ICN
0x2DD60B;0xEDE1;RN_TAB_SESSION_MANAGER_DESELECTED_ANI_ICN
0x9D643F;0xEDE2;RN_TAB_SESSION_MANAGER_DESELECTED_DISABLED_ICN
0xBD73D9;0xEDE3;RN_TAB_SESSION_MANAGER_DESELECTED_ICN
0x1486D0;0xEDE4;RN_TAB_SESSION_MANAGER_SELECTED_ANI_ICN
0x842302;0xEDE5;RN_TAB_SESSION_MANAGER_SELECTED_ICN
0x28D02E;0xEDE6;RN_TAB_SHORTCUTS_SELECTED_ANI_ICN
0xA16617;0xEDE7;RN_URL_OPERATOR_ICN
0x7A2811;0xEDE8;RN_VERT_BOOKMARKS_ANI_ICN
0xEA8DC3;0xEDE9;RN_VERT_BOOKMARKS_ICN
0x4EFDC3;0xEDEA;RN_VERT_EVENT_ANI_ICN
0xDE5811;0xEDEB;RN_VERT_EVENT_ICN
0x7B0023;0xEDEC;RN_VERT_MY_SHORTCUTS_ANI_ICN
0xEBA5F1;0xEDED;RN_VERT_MY_SHORTCUTS_ICN
0x8DA8EC;0xEDEE;RN_VERT_OPERATOR_ICN
0x24517B;0xEDEF;RN_VERT_SESSION_MANAGER_ANI_ICN
0xB4F4A9;0xEDF0;RN_VERT_SESSION_MANAGER_ICN
0xF58E65;0xEDF1;RN_VERT_URL_OPERATOR_2ND_ROW_ICN
0xE5BF33;0xEDF2;RSS_FAVO_BACK_ICN
0xC95E17;0xEDF3;RSS_LARGE_ICN
0x6D24BB;0xEDF4;RSS_READER_MENU_ICN
0xB84F45;0xEDF5;RSS_SMALL_ICN
0x5CCA15;0xEDF6;RSS_STATUSBAR_UPDATED_ICN
0xEAA534;0xEDF7;RSS_STATUSBAR_UPDATING_ICN
0xF728C8;0xEDF8;RSS_UPDATE_FAILED_ICN
0x28A1CB;0xEDF9;RSS_UPDATED_ICN
0x618AF4;0xEDFA;RSS_UPDATING_TXT_ICN
0x000158;0xEDFB;SENT_MESSAGE_ICN
0xFAB647;0xEDFC;SHC_CREATE_SHORTCUT_POPUP_ICN
0xFCC374;0xEDFD;SHC_DESKTOP_WATERMARK_ICN
0x9B99ED;0xEDFE;SHORTCUT_DIRECTION_DOWN_ICN
0xFAF227;0xEDFF;SHORTCUT_DIRECTION_LEFT_ICN
0x149C1E;0xEE00;SHORTCUT_DIRECTION_RIGHT_ICN
0xBFF77D;0xEE01;SHORTCUT_DIRECTION_UP_ICN
0xF013A8;0xEE02;SILENT_MODE_ICN
0xB0BF92;0xEE03;SILENT_SLEEPMODE_ICN
0x950CE3;0xEE04;SMI_ANGRY_ICN
0x8F8504;0xEE05;SMI_ASLEEP_ICN
0x75F74D;0xEE06;SMI_CRYING_FACE_ICN
0x8602D0;0xEE07;SMI_EMBARASSED_ICN
0xE846B8;0xEE08;DUMMY_ICN
0x25D55B;0xEE09;SMI_INDIFFERENT_ICN
0xB160AF;0xEE0A;SMI_KISS_ICN
0xA8BC0D;0xEE0B;SMI_ROBOT_ICN
0x012408;0xEE0C;SMI_SAD_ICN
0x97494C;0xEE0D;SMI_SQUIGGLE_MOUTH_ICN
0xF7A5C9;0xEE0E;SMI_SUNGLASSES_ICN
0xFC8664;0xEE0F;SMI_SURPRISE_ICN
0x33E34A;0xEE10;SMI_TOUGUE_OUT_ICN
0x9CDCBC;0xEE11;SMI_VERY_HAPPY_ICN
0x0D63DC;0xEE12;SMI_VERY_SAD_ICN
0x616267;0xEE13;SMI_WINK_ICN
0xD3B94B;0xEE14;SMIL_EDITOR_BACKGROUND_ICN
0xEEDF52;0xEE15;SMIL_EDITOR_CURSOR_ICN
0x972BB1;0xEE16;SMIL_EDITOR_HEADER_BACKGROUND_ICN
0x732359;0xEE17;SMIL_EDITOR_HEADER_NEXT_PAGE_DISABLED_ICN
0x26CAC4;0xEE18;SMIL_EDITOR_HEADER_NEXT_PAGE_ICN
0xB6C454;0xEE19;SMIL_EDITOR_HEADER_PREVIOUS_PAGE_DISABLED_ICN
0x11DD58;0xEE1A;SMIL_EDITOR_HEADER_PREVIOUS_PAGE_ICN
0x634761;0xEE1B;SMIL_EDITOR_LAYOUT_TEXT_ON_BOTTOM_ICN
0x7CDB2F;0xEE1C;SMIL_EDITOR_LAYOUT_TEXT_ON_TOP_ICN
0x756354;0xEE1D;SMIL_EDITOR_NEW_PAGE_ADDED_ICN
0xCF2BE1;0xEE1E;SMIL_EDITOR_PAGE_SEPARATOR_BLACK_BOLD_ICN
0xECED21;0xEE1F;SMIL_EDITOR_PAGE_SEPARATOR_BLACK_ICN
0xAE37A5;0xEE20;SMIL_EDITOR_PAGE_SEPARATOR_WHITE_BOLD_ICN
0xFD6950;0xEE21;SMIL_EDITOR_PAGE_SEPARATOR_WHITE_ICN
0xEF22E0;0xEE22;SMIL_EDITOR_QUICKBAR_ADD_FROM_CAMERA_HIGLIGHTE_ICN
0x3E8476;0xEE23;SMIL_EDITOR_QUICKBAR_ADD_FROM_CAMERA_ICN
0x9B9CA3;0xEE24;SMIL_EDITOR_QUICKBAR_ADD_IMAGE_HIGLIGHTED_ICN
0x8E1DD4;0xEE25;SMIL_EDITOR_QUICKBAR_ADD_IMAGE_ICN
0xAF79A4;0xEE26;SMIL_EDITOR_QUICKBAR_ADD_SOUND_HIGLIGHTED_ICN
0xB75C19;0xEE27;SMIL_EDITOR_QUICKBAR_ADD_SOUND_ICN
0xB47B54;0xEE28;SMIL_EDITOR_QUICKBAR_ADD_SOUNDRECORDING_HIGLIG_ICN
0x03034E;0xEE29;SMIL_EDITOR_QUICKBAR_ADD_SOUNDRECORDING_ICN
0xF7DD7D;0xEE2A;SMIL_EDITOR_QUICKBAR_ADD_VIDEO_HIGLIGHTED_ICN
0x9E6A4F;0xEE2B;SMIL_EDITOR_QUICKBAR_ADD_VIDEO_ICN
0x117557;0xEE2C;SMIL_EDITOR_QUICKBAR_BACKGROUND_ICN
0xFEE7D1;0xEE2D;SMIL_EDITOR_QUICKBAR_PREVIEW_HIGLIGHTED_ICN
0xD0C14D;0xEE2E;SMIL_EDITOR_QUICKBAR_PREVIEW_ICN
0x08D3CC;0xEE2F;SMIL_EDITOR_UNIFIED_WRITE_MMS_ICN
0x0873CC;0xEE30;SMIL_EDITOR_UNIFIED_WRITE_SMS_ICN
0xD156AE;0xEE31;SMS_CHAT_ICN
0xC58AC0;0xEE32;SMS_SLEEPMODE_ICN
0x0241E0;0xEE33;SMS_UI_RECEIVING_JAVA_MESSAGE_POPUP_ICN
0xF82DDA;0xEE34;SMS_UI_SENDING_JAVA_MESSAGE_POPUP_ICN
0xB82934;0xEE35;SONY_ERICSSON_ICN
0x279C15;0xEE36;SR_RECORDING_ANIM_00_ICN
0x279C14;0xEE37;SR_RECORDING_ANIM_01_ICN
0x279C17;0xEE38;SR_RECORDING_ANIM_02_ICN
0x279C16;0xEE39;SR_RECORDING_ANIM_03_ICN
0x279C11;0xEE3A;SR_RECORDING_ANIM_04_ICN
0x279C10;0xEE3B;SR_RECORDING_ANIM_05_ICN
0x817FC6;0xEE3C;SR_SOUND_ICN
0x898C86;0xEE3D;STATUSBAR_DOWNLOADING_DATA_ICN
0x6D9334;0xEE3E;STATUSBAR_DOWNLOADING_ICN
0x6BACEF;0xEE3F;STOPWATCH_STOPWATCH_MENU_ICN
0x6F3D68;0xEE40;STRING_INPUT_FULLSCREEN_LARGE_POPUP_ICN
0xD6F974;0xEE41;STRING_INPUT_FULLSCREEN_POPUP_ICN
0x0B1FDF;0xEE42;SUG_PROGRESS_STEP_1_ICN
0x0B1FDC;0xEE43;SUG_PROGRESS_STEP_2_ICN
0x0B1FDD;0xEE44;SUG_PROGRESS_STEP_3_ICN
0x0B1FDA;0xEE45;SUG_PROGRESS_STEP_4_ICN
0x0B1FDB;0xEE46;SUG_PROGRESS_STEP_5_ICN
0x48980C;0xEE47;SUG_TT_PROGRESS_STEP_1_ICN
0x48980F;0xEE48;SUG_TT_PROGRESS_STEP_2_ICN
0x48980E;0xEE49;SUG_TT_PROGRESS_STEP_3_ICN
0x489809;0xEE4A;SUG_TT_PROGRESS_STEP_4_ICN
0x489808;0xEE4B;SUG_TT_PROGRESS_STEP_5_ICN
0x48980B;0xEE4C;SUG_TT_PROGRESS_STEP_6_ICN
0x48980A;0xEE4D;SUG_TT_PROGRESS_STEP_7_ICN
0x489805;0xEE4E;SUG_TT_PROGRESS_STEP_8_ICN
0x489804;0xEE4F;SUG_TT_PROGRESS_STEP_9_ICN
0x40B5F1;0xEE50;SYNC_MENU_ICN
0x01F3CB;0xEE51;SYNCH_ML_GLOBE_AND_PHONE_ICN
0xF4A0A3;0xEE52;SYNCH_ML_PC_AND_PHONE_ICN
0x4691A1;0xEE53;SYNCH_ML_TRANSFER_ANIM_01_ICN
0x4691A2;0xEE54;SYNCH_ML_TRANSFER_ANIM_02_ICN
0x4691A3;0xEE55;SYNCH_ML_TRANSFER_ANIM_03_ICN
0x4691A4;0xEE56;SYNCH_ML_TRANSFER_ANIM_04_ICN
0x4691A5;0xEE57;SYNCH_ML_TRANSFER_ANIM_05_ICN
0x4691A6;0xEE58;SYNCH_ML_TRANSFER_ANIM_06_ICN
0x89E156;0xEE59;SYNCH_SESSIONMGR_ICN
0xA5E759;0xEE5A;SYNCH_STATUSBAR_ICN
0xE58403;0xEE5B;TASK_ICN
0xAF4B43;0xEE5C;TASK_REMINDER_SLEEPMODE_ICN
0xFF63DB;0xEE5D;TIMER_ACTIVE_ICN
0x547B89;0xEE5E;TR_ALARM_GENERAL_TAB_HIGHLIGHT_ICN
0x895F42;0xEE5F;TR_ALARM_GENERAL_TAB_ICN
0x21BF04;0xEE60;TR_ALARM_OFF_ICN
0x31869E;0xEE61;TR_ALARM_OFF_POPUP_ICN
0xE3E17F;0xEE62;TR_ALARM_ON_ICN
0xD63ABB;0xEE63;TR_ALARM_ON_POPUP_ICN
0xB71396;0xEE64;TR_ALARM_PERSONALIZED_TAB_HIGHLIGHT_ICN
0x08A174;0xEE65;TR_ALARM_PERSONALIZED_TAB_ICN
0x0D7F86;0xEE66;TR_ALARM_POPUP_ICN
0xD498BC;0xEE67;TR_ALARMS_HEADER_ALARM_OFF_ICN
0x0035E1;0xEE68;TR_ALARMS_HEADER_ALARM_ON_ICN
0x3403FC;0xEE69;TR_ALARMS_MENU_ICN
0xB0B84A;0xEE6A;TR_RECURRENT_ICN
0x0E100D;0xEE6B;TR_TIME_UPDATE_ICN
0xFF6762;0xEE6C;TR_TIMER_MENU_ICN
0x58DE5A;0xEE6D;TR_TIMER_POPUP_ICN
0xF28290;0xEE6E;TT_BRIGHTNESS_ICN
0xB84ED2;0xEE6F;TT_CAMBUTTON_ICN
0xF85A98;0xEE70;TT_SHIFTMODE_ICN
0x1D7265;0xEE71;TT_ZOOM_ICN
0xA23250;0xEE72;UI_FEEDBACK_PROGRESSBAR_ALPHAMASK_ICN
0x53ED99;0xEE73;UI_STOPWATCH_STATUSBAR_ICN
0xDC38F4;0xEE74;UMTS_CALL_HANDLING_ICN
0x5A820E;0xEE75;UMTS_CALLHANDLING_BG_ICN
0x57EE78;0xEE76;UMTS_CALLHANDLING_BLUETOOTH_HF_CONNECTED_ICN
0x74514C;0xEE77;UMTS_INCOMING_CALL_BT_HF_CONN_ANIM_00_ICN
0x74514D;0xEE78;UMTS_INCOMING_CALL_BT_HF_CONN_ANIM_01_ICN
0x74514E;0xEE79;UMTS_INCOMING_CALL_BT_HF_CONN_ANIM_02_ICN
0x74514F;0xEE7A;UMTS_INCOMING_CALL_BT_HF_CONN_ANIM_03_ICN
0x745148;0xEE7B;UMTS_INCOMING_CALL_BT_HF_CONN_ANIM_04_ICN
0x745149;0xEE7C;UMTS_INCOMING_CALL_BT_HF_CONN_ANIM_05_ICN
0xDAE998;0xEE7D;UMTS_INCOMING_VIDEO_CALL_BT_HF_CONNECTED_ICN
0x097CB0;0xEE7E;UMTS_LIST_DTMF_OFF_ICN
0x21618F;0xEE7F;UMTS_LIST_LOUDSPEAKER_ON_ICN
0x8FD610;0xEE80;UMTS_LOUDSPEAKER_AND_ACTIVE_ICN
0xC8810A;0xEE81;UMTS_MIC_MUTED_AND_LOUDSPEAKER_ICN
0xD5F70C;0xEE82;UMTS_MIC_MUTED_ICN
0x49873A;0xEE83;UMTS_MO_CALL_ICN
0x49867A;0xEE84;UMTS_MT_CALL_ICN
0x9D3E1A;0xEE85;UMTS_MUTED_ICN
0x64C504;0xEE86;UMTS_OUTGOING_CALL_BT_HF_CONN_ANIM_00_ICN
0x64C505;0xEE87;UMTS_OUTGOING_CALL_BT_HF_CONN_ANIM_01_ICN
0x64C506;0xEE88;UMTS_OUTGOING_CALL_BT_HF_CONN_ANIM_02_ICN
0x64C507;0xEE89;UMTS_OUTGOING_CALL_BT_HF_CONN_ANIM_03_ICN
0x64C500;0xEE8A;UMTS_OUTGOING_CALL_BT_HF_CONN_ANIM_04_ICN
0x64C501;0xEE8B;UMTS_OUTGOING_CALL_BT_HF_CONN_ANIM_05_ICN
0xFAABC9;0xEE8C;UMTS_OUTGOING_VIDEO_CALL_BT_HF_CONNECTED_ICN
0x72B025;0xEE8D;UMTS_PREFERRED_LIST_GSM_ICN
0x0C88D7;0xEE8E;UMTS_PREFERRED_LIST_GSM_UMTS_ICN
0x4D4D73;0xEE8F;UMTS_PREFERRED_LIST_UMTS_ICN
0xC87DCB;0xEE90;UNDECODED_IMAGE_ICN
0x944492;0xEE91;UNDERSCORE_ICN
0xB5E2F7;0xEE92;UNLOCKED_ANIM_ICN
0xD915C2;0xEE93;UNLOCKED_ICN
0x0006CF;0xEE94;UNSENT_MESSAGE_ICN
0xAD88AE;0xEE95;USB_FILE_TRANSFER_ICN
0xAA81CE;0xEE96;USB_ONGOING_ANIM_00_ICN
0xAA81CF;0xEE97;USB_ONGOING_ANIM_01_ICN
0x879230;0xEE98;USB_PHONE_MODE_ICN
0xA9878C;0xEE99;USER_DEFINED_TEMPLATE_ICN
0x98A60A;0xEE9A;VACATION_ICN
0x8E5921;0xEE9B;WAP_AP_BACKGROUND_ICN
0xBFBB71;0xEE9C;WAP_AP_BROKEN_ICN
0x251371;0xEE9D;WAP_BG_SOUND_BROKEN_ICN
0x5D69A2;0xEE9E;WAP_BG_SOUND_ICN
0x10B0F2;0xEE9F;WAP_BG_SOUND_SILENT_ICN
0xE0DED0;0xEEA0;WAP_BROWSING_TAB_HIGHLIGHT_ICN
0xDCC408;0xEEA1;WAP_BROWSING_TAB_ICN
0x0F8104;0xEEA2;WAP_ENTER_URL_SMALL_ICN
0xA3BB5E;0xEEA3;WAP_FOLDER_ICN
0x966A4B;0xEEA4;WAP_GOOGLE_ICN
0x3842DA;0xEEA5;WAP_IDLE_01_ICN
0x3842D9;0xEEA6;WAP_IDLE_02_ICN
0x3842D8;0xEEA7;WAP_IDLE_03_ICN
0x3842DF;0xEEA8;WAP_IDLE_04_ICN
0x3842DE;0xEEA9;WAP_IDLE_05_ICN
0x3842DD;0xEEAA;WAP_IDLE_06_ICN
0x3842DC;0xEEAB;WAP_IDLE_07_ICN
0x3842D3;0xEEAC;WAP_IDLE_08_ICN
0x7E1031;0xEEAD;WAP_INPUT_BACKGROUND_ICN
0x74FBA1;0xEEAE;WAP_INPUT_TOP_ICN
0xFDB786;0xEEAF;WAP_LOADING_ANIM_00_ICN
0xFDB787;0xEEB0;WAP_LOADING_ANIM_01_ICN
0xFDB784;0xEEB1;WAP_LOADING_ANIM_02_ICN
0xFDB785;0xEEB2;WAP_LOADING_ANIM_03_ICN
0xFDB782;0xEEB3;WAP_LOADING_ANIM_04_ICN
0xFDB783;0xEEB4;WAP_LOADING_ANIM_05_ICN
0x8E593D;0xEEB5;WAP_MP_BACKGROUND_ICN
0xBFBB6D;0xEEB6;WAP_MP_BROKEN_ICN
0x7529C1;0xEEB7;WAP_NEW_SI_ICN
0xB12B38;0xF2B9;WAP_NEW_SI_IN_LIST_ICN
0xA248C4;0xF2BA;WAP_ONLINE_ICN
0xA81EB3;0xF2BB;WAP_OPTIONS_TAB_HIGHLIGHT_ICN
0xDAF084;0xF2BC;WAP_OPTIONS_TAB_ICN
0xD94A5E;0xF2BD;WAP_PROGRESSBAR_BACKGROUND_ICN
0x33B651;0xF2BE;WAP_PROGRESSBAR_ICN
0xC44A2B;0xF2BF;WAP_SATTELITE_ICN
0x96FFFB;0xF2C0;WAP_SEARCH_BACKGROUND_ICN
0x081D21;0xF2C1;WAP_SELECT_IMAGE_ICN
0x02C75B;0xF2C2;WAP_URL_ICN
0xCF9DA9;0xF2C3;WAP_ZOOM_EMPTY_ICN
0x0183C0;0xF2C4;VC_ASR_ICN
0x6C49FF;0xF2C5;WCDMA_HOMEZONE_ICN
0xDA2C09;0xF2C6;WCDMA_PREFERRED_NETWORK_ICN
0xBDA82E;0xF2C7;VDJ_CURSOR_1_ICN
0xBDA82D;0xF2C8;VDJ_CURSOR_2_ICN
0xF36C7E;0xF2C9;VDJ_EMPTY_ITEM_ICN
0xDB8BF0;0xF2CA;VDJ_INPUT_TEXT_STRING_GENERIC_ICN
0x290096;0xF2CB;VDJ_MMSABLE_ICN
0xB8768B;0xF2CC;VDJ_NOT_MMSABLE_ICN
0x74A206;0xF2CD;VDJ_PICTURE_ICN
0xC9E11C;0xF2CE;VDJ_PICTURE_TITLE_ICN
0xCE84CD;0xF2CF;VDJ_PROCESSING_ICN
0xCAB38B;0xF2D0;VDJ_SOUNDTRACK_ICN
0xDE7D81;0xF2D1;VDJ_STORYBOARD_ICN
0x991FAE;0xF2D2;VDJ_TEXT_ICN
0x136FC7;0xF2D3;VDJ_TEXT_TITLE_ICN
0x0BE58A;0xF2D4;VDJ_TRIM_BACKGROUND_ICN
0x29D559;0xF2D5;VDJ_TRIM_BACKGROUND_PROGRESS_ICN
0x546C08;0xF2D6;VDJ_TRIM_BACKGROUND_TEXT_ICN
0xF41AE4;0xF2D7;VDJ_TRIM_FILL_ICN
0x984365;0xF2D8;VDJ_TRIM_ICN
0x360087;0xF2D9;VDJ_TRIM_MARKER_ICN
0x649609;0xF2DA;VDJ_TRIM_OVERLAY_ICN
0xDFDFD2;0xF2DB;VDJ_TRIM_TITLE_ICN
0xECC98F;0xF2DC;VDJ_VIDEO_ICN
0x5BC38C;0xF2DD;VDJ_ZOOMING_ICN
0xD8FFB1;0xF2DE;VIDEO_CALL_DIVERTED_ICN
0x8102F3;0xF2DF;VOICE_MEMO_ICN
0xB705AB;0xF2E0;VOICEMAIL_COUNT_01_ICN
0xB705A8;0xF2E1;VOICEMAIL_COUNT_02_ICN
0xB705A9;0xF2E2;VOICEMAIL_COUNT_03_ICN
0xB705AE;0xF2E3;VOICEMAIL_COUNT_04_ICN
0xB705AF;0xF2E4;VOICEMAIL_COUNT_05_ICN
0xB705AC;0xF2E5;VOICEMAIL_COUNT_06_ICN
0xB705AD;0xF2E6;VOICEMAIL_COUNT_07_ICN
0xB705A2;0xF2E7;VOICEMAIL_COUNT_08_ICN
0xB705A3;0xF2E8;VOICEMAIL_COUNT_09_ICN
0xB705EA;0xF2E9;VOICEMAIL_COUNT_10_ICN
0x7DCBE6;0xF2EA;VOICEMAIL_COUNT_10_PLUS_ICN
0xA8A493;0xF2EB;VOICEMAIL_ICN
0x6CA66A;0xF2EC;VOICEMAIL_IN_LIST_ICN
0xA4D77F;0xF2ED;VOICEMAIL_L1L2_ICN
0xA01A1B;0xF2EE;VOICEMAIL_LINE1_ICN
0xA01A18;0xF2EF;VOICEMAIL_LINE2_ICN
0xD5750B;0xF2F0;VOICETAG_ICN
0x8AA79F;0xF2F1;VOLUMEBAR_BACKGROUND_ICN
0x5BA6C6;0xF2F2;VOLUMEBAR_CALL_VOLUME_ICN
0xCF26A1;0xF2F3;VOLUMEBAR_MEDIA_VOLUME_ICN
0xE24DFA;0xF2F4;VOLUMEBAR_SLOT_EMPTY_ICN
0xA86DA4;0xF2F5;VOLUMEBAR_SLOT_FULL_ICN
0x1A6145;0xF2F6;VOLUMEBAR_SLOT_MEDIUM_ICN
0xD52A8B;0xF2F7;WV_ALERT_HPB_ICN
0x443CC0;0xF2F8;WV_ALERT_ICN
0x0DC0C6;0xF2F9;WV_ALERT_POPUP_ICN
0xE5B782;0xF2FA;WV_AOL_ALERT_ME_ICN
0xD27955;0xF2FB;WV_AOL_BUDDYLIST_CONTACT_AVAILABLE_ICN
0x84BAA8;0xF2FC;WV_AOL_BUDDYLIST_CONTACT_DISCREET_ICN
0x932944;0xF2FD;WV_AOL_BUDDYLIST_CONTACT_INVISIBLE_ICN
0xC8A651;0xF2FE;WV_AOL_BUDDYLIST_CONTACT_NEW_MESSAGE_ICN
0x7CB462;0xF2FF;WV_AOL_BUDDYLIST_CONTACT_OFFLINE_ICN
0x0C0050;0xF300;WV_AOL_BUDDYLIST_CONTACT_OFFLINE_NEW_MESSAGE_ICN
0xB92842;0xF301;WV_AOL_BUDDYLIST_CONVERSATION_ICN
0xC99C70;0xF302;WV_AOL_BUDDYLIST_CONVERSATION_NEW_MESSAGE_ICN
0x5667DE;0xF303;WV_AOL_CONVERSATION_TAB_ICN
0x7C4400;0xF304;WV_AOL_CONVERSATION_TAB_INACTIVE_ICN
0x7C50B0;0xF305;WV_AOL_CONVERSATION_TAB_INACTIVE_NEW_MSG_ICN
0x26D3EC;0xF306;WV_AOL_CONVERSATION_TAB_NEW_MESSAGE_ICN
0xC08898;0xF307;WV_AOL_DESKTOP_ICN
0xBAF624;0xF308;WV_AOL_DESKTOP_SELECTED_ICN
0x39DA18;0xF309;WV_AOL_FRIENDS_TAB_ICN
0x93359B;0xF30A;WV_AOL_FRIENDS_TAB_INACTIVE_ICN
0x284DA4;0xF30B;WV_AOL_ICQ_BUDDYLIST_CONTACT_BLOCKED_ICN
0x9BEFE4;0xF30C;WV_AOL_ICQ_BUDDYLIST_CONTACT_STRANGER_ICN
0x83D786;0xF30D;WV_AOL_POPUP_ALERT_ME_ICN
0x60A0AF;0xF30E;WV_AOL_POPUP_NEW_MESSAGE_ICN
0xEDC7C1;0xF30F;WV_AOL_POPUP_SPLASH_ICN
0xBD345D;0xF310;WV_AOL_RN_NEW_MESSAGES_ICN
0x0522F6;0xF311;WV_AOL_STATUSBAR_NEW_MESSAGE_ICN
0xB130C5;0xF312;WV_AOL_STATUSBAR_OFFLINE_ICN
0x89D219;0xF313;WV_AOL_STATUSBAR_ONLINE_ICN
0x98541F;0xF314;WV_AUTHORIZATION_REQUEST_ICN
0x0951C0;0xF315;WV_BUDDYLIST_CONTACT_AVAILABLE_ANGRY_ICN
0x98834B;0xF316;WV_BUDDYLIST_CONTACT_AVAILABLE_ANGRY_TAB_ICN
0x9BFD3D;0xF317;WV_BUDDYLIST_CONTACT_AVAILABLE_ANXIOUS_ICN
0x0A2FB6;0xF318;WV_BUDDYLIST_CONTACT_AVAILABLE_ANXIOUS_TAB_ICN
0xFB1BDC;0xF319;WV_BUDDYLIST_CONTACT_AVAILABLE_ASHAMED_ICN
0x6AC957;0xF31A;WV_BUDDYLIST_CONTACT_AVAILABLE_ASHAMED_TAB_ICN
0x35E4AE;0xF31B;WV_BUDDYLIST_CONTACT_AVAILABLE_BORED_ICN
0xA43625;0xF31C;WV_BUDDYLIST_CONTACT_AVAILABLE_BORED_TAB_ICN
0x9BE481;0xF31D;WV_BUDDYLIST_CONTACT_AVAILABLE_EXCITED_ICN
0x0A360A;0xF31E;WV_BUDDYLIST_CONTACT_AVAILABLE_EXCITED_TAB_ICN
0x7DC15B;0xF31F;WV_BUDDYLIST_CONTACT_AVAILABLE_HAPPY_ICN
0xEC13D0;0xF320;WV_BUDDYLIST_CONTACT_AVAILABLE_HAPPY_TAB_ICN
0x867D6A;0xF321;WV_BUDDYLIST_CONTACT_AVAILABLE_IN_LOVE_ICN
0x17AFE1;0xF322;WV_BUDDYLIST_CONTACT_AVAILABLE_IN_LOVE_TAB_ICN
0xF9B8F3;0xF323;WV_BUDDYLIST_CONTACT_AVAILABLE_INVINCIBLE_ICN
0x686A78;0xF324;WV_BUDDYLIST_CONTACT_AVAILABLE_INVINCIBLE_TAB_ICN
0x866B56;0xF325;WV_BUDDYLIST_CONTACT_AVAILABLE_JEALOUS_ICN
0x17B9DD;0xF326;WV_BUDDYLIST_CONTACT_AVAILABLE_JEALOUS_TAB_ICN
0x326B72;0xF327;WV_BUDDYLIST_CONTACT_AVAILABLE_NEW_MESSAGE_ICN
0xD31DCD;0xF328;WV_BUDDYLIST_CONTACT_AVAILABLE_SAD_ICN
0x42CF46;0xF329;WV_BUDDYLIST_CONTACT_AVAILABLE_SAD_TAB_ICN
0xF4CD91;0xF32A;WV_BUDDYLIST_CONTACT_AVAILABLE_SLEEPY_ICN
0x651F1A;0xF32B;WV_BUDDYLIST_CONTACT_AVAILABLE_SLEEPY_TAB_ICN
0x78BDBC;0xF32C;WV_BUDDYLIST_CONTACT_BLOCKED_ICN
0x7E58C2;0xF32D;WV_BUDDYLIST_CONTACT_DISCREET_ANGRY_ICN
0xEF8A49;0xF32E;WV_BUDDYLIST_CONTACT_DISCREET_ANGRY_TAB_ICN
0x0BDA4D;0xF32F;WV_BUDDYLIST_CONTACT_DISCREET_ANXIOUS_ICN
0x9A08C6;0xF330;WV_BUDDYLIST_CONTACT_DISCREET_ANXIOUS_TAB_ICN
0x6B3CAC;0xF331;WV_BUDDYLIST_CONTACT_DISCREET_ASHAMED_ICN
0xFAEE27;0xF332;WV_BUDDYLIST_CONTACT_DISCREET_ASHAMED_TAB_ICN
0x42EDAC;0xF333;WV_BUDDYLIST_CONTACT_DISCREET_BORED_ICN
0xD33F27;0xF334;WV_BUDDYLIST_CONTACT_DISCREET_BORED_TAB_ICN
0x0BC3F1;0xF335;WV_BUDDYLIST_CONTACT_DISCREET_EXCITED_ICN
0x9A117A;0xF336;WV_BUDDYLIST_CONTACT_DISCREET_EXCITED_TAB_ICN
0x0AC859;0xF337;WV_BUDDYLIST_CONTACT_DISCREET_HAPPY_ICN
0x9B1AD2;0xF338;WV_BUDDYLIST_CONTACT_DISCREET_HAPPY_TAB_ICN
0x165A1A;0xF339;WV_BUDDYLIST_CONTACT_DISCREET_IN_LOVE_ICN
0x878891;0xF33A;WV_BUDDYLIST_CONTACT_DISCREET_IN_LOVE_TAB_ICN
0x3BF86E;0xF33B;WV_BUDDYLIST_CONTACT_DISCREET_INVINCIBLE_ICN
0xAA2AE5;0xF33C;WV_BUDDYLIST_CONTACT_DISCREET_INVINCIBLE_TAB_ICN
0x164C26;0xF33D;WV_BUDDYLIST_CONTACT_DISCREET_JEALOUS_ICN
0x879EAD;0xF33E;WV_BUDDYLIST_CONTACT_DISCREET_JEALOUS_TAB_ICN
0xA24C02;0xF33F;WV_BUDDYLIST_CONTACT_DISCREET_NEW_MESSAGE_ICN
0x433ABD;0xF340;WV_BUDDYLIST_CONTACT_DISCREET_SAD_ICN
0xD2E836;0xF341;WV_BUDDYLIST_CONTACT_DISCREET_SAD_TAB_ICN
0x368D0C;0xF342;WV_BUDDYLIST_CONTACT_DISCREET_SLEEPY_ICN
0xA75F87;0xF343;WV_BUDDYLIST_CONTACT_DISCREET_SLEEPY_TAB_ICN
0x038F51;0xF344;WV_BUDDYLIST_CONTACT_INVISIBLE_ICN
0x925DDA;0xF345;WV_BUDDYLIST_CONTACT_INVISIBLE_TAB_ICN
0x9827DD;0xF346;WV_BUDDYLIST_CONTACT_NOT_AVAILABLE_ANGRY_ICN
0xFA242A;0xF347;WV_BUDDYLIST_CONTACT_NOT_AVAILABLE_ANXIOUS_ICN
0x9AC2CB;0xF348;WV_BUDDYLIST_CONTACT_NOT_AVAILABLE_ASHAMED_ICN
0xA492B3;0xF349;WV_BUDDYLIST_CONTACT_NOT_AVAILABLE_BORED_ICN
0xFA3D96;0xF34A;WV_BUDDYLIST_CONTACT_NOT_AVAILABLE_EXCITED_ICN
0xECB746;0xF34B;WV_BUDDYLIST_CONTACT_NOT_AVAILABLE_HAPPY_ICN
0xE7A47D;0xF34C;WV_BUDDYLIST_CONTACT_NOT_AVAILABLE_IN_LOVE_ICN
0xA43F97;0xF34D;WV_BUDDYLIST_CONTACT_NOT_AVAILABLE_INVINCIBLE_ICN
0xE7B241;0xF34E;WV_BUDDYLIST_CONTACT_NOT_AVAILABLE_JEALOUS_ICN
0x53B265;0xF34F;WV_BUDDYLIST_CONTACT_NOT_AVAILABLE_NEW_MESSAGE_ICN
0xB2C4DA;0xF350;WV_BUDDYLIST_CONTACT_NOT_AVAILABLE_SAD_ICN
0xA94AF5;0xF351;WV_BUDDYLIST_CONTACT_NOT_AVAILABLE_SLEEPY_ICN
0x1DED68;0xF352;WV_BUDDYLIST_CONTACT_OFFLINE_ICN
0x6D595A;0xF353;WV_BUDDYLIST_CONTACT_OFFLINE_NEW_MESSAGE_ICN
0x8C3FE3;0xF354;WV_BUDDYLIST_CONTACT_OFFLINE_TAB_ICN
0xA7E9F0;0xF355;WV_BUDDYLIST_CONTACT_STRANGER_ICN
0xD75DC2;0xF356;WV_BUDDYLIST_CONTACT_STRANGER_NEW_MESSAGE_ICN
0x1526AA;0xF357;WV_BUDDYLIST_CONTACT_UNKNOWN_ICN
0xFCFF53;0xF358;WV_BUDDYLIST_GROUP_JOINED_ICN
0x5B536C;0xF359;WV_BUDDYLIST_GROUP_NEW_MESSAGE_ICN
0x8ABA8B;0xF35A;WV_BUDDYLIST_GROUP_NOT_JOINED_ICN
0x96C095;0xF35B;WV_BUDDYLIST_SYSTEMMSG_ICN
0x442BB7;0xF35C;WV_CHAT_INCOMING_ICN
0x54BFFF;0xF35D;WV_CHAT_OUTGOING_ICN
0x9FF6CF;0xF35E;WV_COLLAPSED_LIST_ICN
0x0DD3A1;0xF35F;WV_CONNECTING_ANIM_00_ICN
0x0DD3A0;0xF360;WV_CONNECTING_ANIM_01_ICN
0x0DD3A3;0xF361;WV_CONNECTING_ANIM_02_ICN
0x0DD3A2;0xF362;WV_CONNECTING_ANIM_03_ICN
0x0DD3A5;0xF363;WV_CONNECTING_ANIM_04_ICN
0x0DD3A4;0xF364;WV_CONNECTING_ANIM_05_ICN
0x162417;0xF365;WV_CONTACT_ONLINE_TICKER_ICN
0x68CFE2;0xF366;WV_CONVERSATION_FILE_ICN
0x0ED5BA;0xF367;WV_CONVERSATION_SESSION_ICN
0x7FE2BA;0xF368;WV_CONVERSATION_TAB_ICN
0x1D1D0A;0xF369;WV_CONVERSATION_TAB_INACTIVE_ICN
0x6DA938;0xF36A;WV_CONVERSATION_TAB_INACTIVE_NEW_MESSAGE_ICN
0x0F5688;0xF36B;WV_CONVERSATION_TAB_NEW_MESSAGE_ICN
0x502E8D;0xF36C;WV_DESKTOP_ICN
0x937340;0xF36D;WV_DESKTOP_SELECTED_ICN
0xF48CF7;0xF36E;WV_EXPANDED_LIST_ICN
0xC782E1;0xF36F;WV_EXTENSION_NOTIFICATION_ICN
0xA97C0D;0xF370;WV_FRIENDS_TAB_ICN
0xBAB0FF;0xF371;WV_FRIENDS_TAB_INACTIVE_ICN
0xEC8F15;0xF372;WV_GROUP_TAB_ICN
0xC676EE;0xF373;WV_GROUP_TAB_INACTIVE_ICN
0x84F442;0xF374;WV_ICQ_ALERT_ME_ICN
0xD3FC5A;0xF375;WV_ICQ_BUDDYLIST_CONTACT_AVAILABLE_ICN
0xB8BCBC;0xF376;WV_ICQ_BUDDYLIST_CONTACT_DISCREET_ICN
0x92AC4B;0xF377;WV_ICQ_BUDDYLIST_CONTACT_INVISIBLE_ICN
0x985649;0xF378;WV_ICQ_BUDDYLIST_CONTACT_NEW_MESSAGE_ICN
0x2C447A;0xF379;WV_ICQ_BUDDYLIST_CONTACT_OFFLINE_ICN
0x852E56;0xF37A;WV_ICQ_BUDDYLIST_CONVERSATION_ICN
0xF59A64;0xF37B;WV_ICQ_BUDDYLIST_CONVERSATION_NEW_MESSAGE_ICN
0x37241E;0xF37C;WV_ICQ_CONVERSATION_TAB_ICN
0x2CB418;0xF37D;WV_ICQ_CONVERSATION_TAB_INACTIVE_ICN
0x2CA0A8;0xF37E;WV_ICQ_CONVERSATION_TAB_INACTIVE_NEW_MSG_ICN
0x47902C;0xF37F;WV_ICQ_CONVERSATION_TAB_NEW_MESSAGE_ICN
0xC10D97;0xF380;WV_ICQ_DESKTOP_ICN
0xDBB5E4;0xF381;WV_ICQ_DESKTOP_SELECTED_ICN
0x385F17;0xF382;WV_ICQ_FRIENDS_TAB_ICN
0xF2765B;0xF383;WV_ICQ_FRIENDS_TAB_INACTIVE_ICN
0xBFD192;0xF384;WV_ICQ_POPUP_ALERT_ME_ICN
0x3050B7;0xF385;WV_ICQ_POPUP_NEW_MESSAGE_ICN
0x8C8401;0xF386;WV_ICQ_POPUP_SPLASH_ICN
0xBCB152;0xF387;WV_ICQ_RN_NEW_MESSAGES_ICN
0x55D2EE;0xF388;WV_ICQ_STATUSBAR_NEW_MESSAGE_ICN
0xE1C0DD;0xF389;WV_ICQ_STATUSBAR_OFFLINE_ICN
0xE891D9;0xF38A;WV_ICQ_STATUSBAR_ONLINE_ICN
0x825691;0xF38B;WV_IMAGE_UNKNOWN_FORMAT_ICN
0x0FD57C;0xF38C;WV_MESSAGE_HISTORY_BACKGROUND_ICN
0xE92D09;0xF38D;WV_MSN_AUTHORIZATION_REQUEST_ICN
0xD3B857;0xF38E;WV_MSN_BUDDYLIST_CONTACT_AVAILABLE_ICN
0xBF49AC;0xF38F;WV_MSN_BUDDYLIST_CONTACT_AVAILABLE_MOBILE_ICN
0x09C4AA;0xF390;WV_MSN_BUDDYLIST_CONTACT_BLOCKED_ICN
0x8CBDAC;0xF391;WV_MSN_BUDDYLIST_CONTACT_DISCREET_ICN
0x92E846;0xF392;WV_MSN_BUDDYLIST_CONTACT_INVISIBLE_ICN
0xD8864D;0xF393;WV_MSN_BUDDYLIST_CONTACT_NEW_MESSAGE_ICN
0xB26140;0xF394;WV_MSN_BUDDYLIST_CONTACT_NOT_AVAILABLE_ICN
0x6C947E;0xF395;WV_MSN_BUDDYLIST_CONTACT_OFFLINE_ICN
0xB12F46;0xF396;WV_MSN_BUDDYLIST_CONVERSATION_ICN
0xC19B74;0xF397;WV_MSN_BUDDYLIST_CONVERSATION_NEW_MESSAGE_ICN
0x07A782;0xF398;WV_MSN_BUDDYLIST_SYSTEMMSG_ICN
0x53963D;0xF399;WV_MSN_CONNECTING_ANIM_00_ICN
0x53963C;0xF39A;WV_MSN_CONNECTING_ANIM_01_ICN
0x53963F;0xF39B;WV_MSN_CONNECTING_ANIM_02_ICN
0x53963E;0xF39C;WV_MSN_CONNECTING_ANIM_03_ICN
0x539639;0xF39D;WV_MSN_CONNECTING_ANIM_04_ICN
0x539638;0xF39E;WV_MSN_CONNECTING_ANIM_05_ICN
0x53963B;0xF39F;WV_MSN_CONNECTING_ANIM_06_ICN
0x26275E;0xF3A0;WV_MSN_CONVERSATION_TAB_ICN
0x6C641C;0xF3A1;WV_MSN_CONVERSATION_TAB_INACTIVE_ICN
0x1CD02E;0xF3A2;WV_MSN_CONVERSATION_TAB_INACTIVE_NEW_MESSAGE_ICN
0x56936C;0xF3A3;WV_MSN_CONVERSATION_TAB_NEW_MESSAGE_ICN
0xC1499A;0xF3A4;WV_MSN_DESKTOP_ICN
0xCAB6A4;0xF3A5;WV_MSN_DESKTOP_SELECTED_ICN
0x381B1A;0xF3A6;WV_MSN_FRIENDS_TAB_ICN
0xE3751B;0xF3A7;WV_MSN_FRIENDS_TAB_INACTIVE_ICN
0x7080B3;0xF3A8;WV_MSN_POPUP_NEW_MESSAGE_ICN
0x9D8741;0xF3A9;WV_MSN_POPUP_SPLASH_ICN
0x2F161F;0xF3AA;WV_MSN_RN_AUTHORIZATION_REQUEST_ICN
0xBCF55F;0xF3AB;WV_MSN_RN_NEW_MESSAGES_ICN
0x1502EA;0xF3AC;WV_MSN_STATUSBAR_NEW_MESSAGE_ICN
0xA110D9;0xF3AD;WV_MSN_STATUSBAR_OFFLINE_ICN
0xF99299;0xF3AE;WV_MSN_STATUSBAR_ONLINE_ICN
0x1D751C;0xF3AF;WV_MSN_STATUSBAR_SYSTEMMSG_ICN
0x65BABA;0xF3B0;WV_NEXT_SEARCH_RESULT_ICN
0x9FCC17;0xF3B1;WV_POPUP_CHAT_INVITATION_ICN
0x01F9A5;0xF3B2;WV_POPUP_NEW_MESSAGE_ICN
0xC442A5;0xF3B3;WV_POPUP_SPLASH_ICN
0x5EF22A;0xF3B4;WV_PRESENCE_HPB_ICN
0xD9992F;0xF3B5;WV_PREV_SEARCH_RESULT_ICN
0x774016;0xF3B6;WV_RN_AUTHORIZATION_REQUEST_2ND_ROW_ICN
0x76D3FB;0xF3B7;WV_RN_AUTHORIZATION_REQUEST_ICN
0xE2FDA5;0xF3B8;WV_RN_GROUP_NEW_MESSAGE_2ND_ROW_ICN
0xC549E5;0xF3B9;WV_RN_NEW_INVITATION_2ND_ROW_ICN
0xC4DA08;0xF3BA;WV_RN_NEW_INVITATION_ICN
0x9E423F;0xF3BB;WV_RN_NEW_MESSAGE_2ND_ROW_ICN
0x9FD1D2;0xF3BC;WV_RN_NEW_MESSAGE_ICN
0x2C01A5;0xF3BD;WV_RN_NEW_MESSAGES_2ND_ROW_ICN
0x2D9248;0xF3BE;WV_RN_NEW_MESSAGES_ICN
0x8D1CC9;0xF3BF;WV_SLEEPMODE_AOL_ICN
0x8C99C6;0xF3C0;WV_SLEEPMODE_ICQ_ICN
0x8CDDCB;0xF3C1;WV_SLEEPMODE_MSN_ICN
0xBD596F;0xF3C2;WV_SLEEPMODE_WV_ICN
0x2484E4;0xF3C3;WV_SLEEPMODE_YAHOO_ICN
0x647BFC;0xF3C4;WV_STATUSBAR_NEW_MESSAGE_ICN
0xD069CF;0xF3C5;WV_STATUSBAR_OFFLINE_ICN
0xA0577D;0xF3C6;WV_STATUSBAR_ONLINE_ICN
0x8C120B;0xF3C7;WV_STATUSBAR_SYSTEMMSG_ICN
0xFD852F;0xF3C8;WV_SYSTEM_MSG_ALERT_ICN
0xEA0E91;0xF3C9;WV_YAHOO_AUTHORIZATION_REQUEST_ICN
0xEA3865;0xF3CA;WV_YAHOO_BUDDYLIST_CONTACT_AVAILABLE_ICN
0x0AE732;0xF3CB;WV_YAHOO_BUDDYLIST_CONTACT_BLOCKED_ICN
0x445BAC;0xF3CC;WV_YAHOO_BUDDYLIST_CONTACT_DISCREET_ICN
0x554A73;0xF3CD;WV_YAHOO_BUDDYLIST_CONTACT_IDLE_ICN
0xDBA5D5;0xF3CE;WV_YAHOO_BUDDYLIST_CONTACT_NEW_MESSAGE_ICN
0x6FB7E6;0xF3CF;WV_YAHOO_BUDDYLIST_CONTACT_OFFLINE_ICN
0x314A6C;0xF3D0;WV_YAHOO_BUDDYLIST_CONTACT_STRANGER_ICN
0x79C946;0xF3D1;WV_YAHOO_BUDDYLIST_CONVERSATION_ICN
0x097D74;0xF3D2;WV_YAHOO_BUDDYLIST_CONVERSATION_NEW_MESSAGE_ICN
0x3E27B0;0xF3D3;WV_YAHOO_BUDDYLIST_SYSTEMMSG_ICN
0x462BD0;0xF3D4;WV_YAHOO_CONVERSATION_TAB_ICN
0x6F4784;0xF3D5;WV_YAHOO_CONVERSATION_TAB_INACTIVE_ICN
0x6F5334;0xF3D6;WV_YAHOO_CONVERSATION_TAB_INACTIVE_NEW_MSG_ICN
0x369FE2;0xF3D7;WV_YAHOO_CONVERSATION_TAB_NEW_MESSAGE_ICN
0xF8C9A8;0xF3D8;WV_YAHOO_DESKTOP_ICN
0xAABA2A;0xF3D9;WV_YAHOO_DESKTOP_SELECTED_ICN
0x019B28;0xF3DA;WV_YAHOO_FRIENDS_TAB_ICN
0x837995;0xF3DB;WV_YAHOO_FRIENDS_TAB_INACTIVE_ICN
0x73A32B;0xF3DC;WV_YAHOO_POPUP_NEW_MESSAGE_ICN
0xFD8BCF;0xF3DD;WV_YAHOO_POPUP_SPLASH_ICN
0x4F1A91;0xF3DE;WV_YAHOO_RN_AUTHORIZATION_REQUEST_ICN
0x85756D;0xF3DF;WV_YAHOO_RN_NEW_MESSAGES_ICN
0x162172;0xF3E0;WV_YAHOO_STATUSBAR_NEW_MESSAGE_ICN
0xA23341;0xF3E1;WV_YAHOO_STATUSBAR_OFFLINE_ICN
0x999E17;0xF3E2;WV_YAHOO_STATUSBAR_ONLINE_ICN
0x24F52E;0xF3E3;WV_YAHOO_STATUSBAR_SYSTEMMSG_ICN
0x29AD39;0xF3E4;"{unk,hash(""AQpu"")}"
0x4BBCEE;0xF3E5;ZZZ_LAST_ICN
0xA8D3B9;;ANNIVERSARY_ICN
0xA9362F;;CAL_CATEGORY_MISC_ICN
0x08E000;;CALE_APPOINTMENT_ICN
0xA16A0F;;CALE_SPACE_ICN
0xA9AF0B;;CALLS_GROUP_ICN
0xA393B0;;CALLS_MISSED_2ND_ROW_ICN
0x2DCE0E;;CALLS_SCREENING_POPUP_ICN
0x29B2D1;;CALLS_SIM_ICN
0x462284;;CAM_MENU_EFFECT_ICN
0xC22B8D;;CAM_MENU_FLASH_ICN
0xDF88DB;;CAM_MENU_LIGHT_ICN
0xBE4A5D;;CAM_MENU_MACRO_ICN
0x76FA1A;;CAM_MENU_MUTE_AUDIO_ICN
0xDF88D9;;CAM_MENU_NIGHT_ICN
0x3DE385;;CAM_MENU_QUALITY_ICN
0x625A90;;CAM_MENU_RESET_COUNTER_ICN
0x52E6AA;;CAM_MENU_SAVE_TO_ICN
0xE6BCC9;;CAM_MENU_SELFTIMER_ICN
0x8A89DC;;CAM_MENU_SHOOTMODE_ICN
0xE52925;;CAM_MENU_SHUTTERSOUND_ICN
0xF01567;;CAM_MENU_SIZE_ICN
0x45EC55;;CAM_MENU_SWITCH_MODE_ICN
0xC0BF69;;CAM_MENU_TIMEDATE_ICN
0x6A6A66;;CAM_MENU_WHITE_BALANCE_ICN
0xA58459;;DATE_ICN
0xC9CAB8;;DB_MENU_LIST_ICN
0x54DB41;;DB_POPUP_DRM_ICN
0x16C43B;;DB_SEARCH_BACKGROUND_EDGE_ICN
0x76B4A2;;DB_SEARCH_BACKGROUND_MAIN_ICN
0xA5765E;;DB_SEARCH_MODE_DAY_ICN
0x8EE718;;DB_SEARCH_MODE_MONTH_ICN
0x29D37E;;DESKTOP_ACTIVE_CALL_ICN
0xEC0F9E;;DESKTOP_ACTIVE_CALL_SELECTED_ICN
0xB01AA8;;DESKTOP_DUMMY_ICN
0xFF31A0;;DESKTOP_MEDIA_CENTER_ICN
0x54B82B;;DESKTOP_MEDIA_CENTER_SELECTED_ICN
0x7D0C42;;DESKTOP_MUSIC_CHANNEL_ICN
0xDBC08B;;DESKTOP_MUSIC_CHANNEL_SELECTED_ICN
0x074D9C;;DUMMY_INPUT_GUI_ICN
0xA205C7;;EMAIL_UI_MESSAGE_MARKED_FOR_DELETION_ICN
0x0EB4A1;;FM_RADIO_AF_OFF_ICN
0x775D51;;FM_RADIO_AF_ON_ICN
0x9F1E04;;FM_RADIO_ARROW_DOWN_ACTIVE_ICN
0x5CE1E8;;FM_RADIO_ARROW_DOWN_IDLE_ICN
0x17C2F2;;FM_RADIO_ARROW_LEFT_AUTOSEEK_ICN
0x061370;;FM_RADIO_ARROW_LEFT_IDLE_ICN
0x9E59F6;;FM_RADIO_ARROW_LEFT_MANUAL_ICN
0x4DA054;;FM_RADIO_ARROW_RIGHT_AUTOSEEK_ICN
0x5C71D6;;FM_RADIO_ARROW_RIGHT_IDLE_ICN
0xB43C50;;FM_RADIO_ARROW_RIGHT_MANUAL_ICN
0x655413;;FM_RADIO_ARROW_UP_ACTIVE_ICN
0xFD9E4C;;FM_RADIO_ARROW_UP_IDLE_ICN
0xCF96FD;;FM_RADIO_BACKGROUND_ICN
0x2C18E0;;FM_RADIO_BACKGROUND_JAPANESE_ICN
0x459B11;;FM_RADIO_DESKTOP_ICN
0xFE1445;;FM_RADIO_DESKTOP_SELECTED_ICN
0x3AA048;;FM_RADIO_FREQUENCY_INDICATOR_ICN
0xCCF767;;FM_RADIO_MHZ_DIGIT_0_ICN
0xCCF766;;FM_RADIO_MHZ_DIGIT_1_ICN
0xCCF765;;FM_RADIO_MHZ_DIGIT_2_ICN
0xCCF764;;FM_RADIO_MHZ_DIGIT_3_ICN
0xCCF763;;FM_RADIO_MHZ_DIGIT_4_ICN
0xCCF762;;FM_RADIO_MHZ_DIGIT_5_ICN
0xCCF761;;FM_RADIO_MHZ_DIGIT_6_ICN
0xCCF760;;FM_RADIO_MHZ_DIGIT_7_ICN
0xCCF76F;;FM_RADIO_MHZ_DIGIT_8_ICN
0xCCF76E;;FM_RADIO_MHZ_DIGIT_9_ICN
0xD6F0D7;;FM_RADIO_MHZ_DIGIT_DOT_ICN
0xA7C62E;;FM_RADIO_MONO_ICN
0x7FFDB7;;FM_RADIO_PRESET_DIGIT_0_ICN
0x7FFDB6;;FM_RADIO_PRESET_DIGIT_1_ICN
0x7FFDB5;;FM_RADIO_PRESET_DIGIT_2_ICN
0x7FFDB4;;FM_RADIO_PRESET_DIGIT_3_ICN
0x7FFDB3;;FM_RADIO_PRESET_DIGIT_4_ICN
0x7FFDB2;;FM_RADIO_PRESET_DIGIT_5_ICN
0x7FFDB1;;FM_RADIO_PRESET_DIGIT_6_ICN
0x7FFDB0;;FM_RADIO_PRESET_DIGIT_7_ICN
0x7FFDBF;;FM_RADIO_PRESET_DIGIT_8_ICN
0x7FFDBE;;FM_RADIO_PRESET_DIGIT_9_ICN
0x98566E;;FM_RADIO_RDS_ACTIVE_ICN
0xAEC190;;FM_RADIO_RDS_INACTIVE_ICN
0x61D356;;FM_RADIO_STATUSBAR_RADIO_ICN
0xF58B40;;FM_RADIO_STATUSBAR_SPEAKER_ICN
0x5FBB89;;FM_RADIO_STEREO_ON_ICN
0x0EB164;;FM_RADIO_TA_OFF_ICN
0x635D46;;FM_RADIO_TA_ON_ICN
0xB3D638;;FM_RADIO_TITLEBAR_ICN
0xCED9CC;;FR_INPUT_GUI_FM_RADIO_ICN
0x96419A;;HPB_EMAIL2_ICN
0x96419B;;HPB_EMAIL3_ICN
0xCA4740;;HPB_OPTION_ICN
0xEFF2A6;;INCOMING_CALL_ANIM_01
0xEFF2A5;;INCOMING_CALL_ANIM_02
0xEFF2A4;;INCOMING_CALL_ANIM_03
0xEFF2A3;;INCOMING_CALL_ANIM_04
0x7ED1B5;;INCOMING_CALL_ANIM_05_ICN
0x390287;;INT_CAM_BRIGHTNESS_SUN_ICN
0x855ED1;;INT_CAM_FOCUS_FRAME_ICN
0x30C850;;INT_CAM_FOCUS_FRAME_SEARCHING_ICN
0xD0D2D4;;INT_CAM_HOURGLASS_ICN
0xE0F185;;INT_CAM_PANORAMA_ICN
0xE441F1;;INT_CAM_SOFTKEY_ICN
0xC8B6D3;;INT_CAM_ZOOM_IN_ICN
0xA947D7;;INT_CAM_ZOOM_INDICATOR_ICN
0xC8630D;;INT_CAM_ZOOM_MAGNIFIER_ICN
0xF4F05C;;INT_CAM_ZOOM_OUT_ICN
0xE98B19;;MEDIAPLAYER_PLAYLIST_ALL_MUSIC_ICN
0xD89C04;;MEDIAPLAYER_PLAYLIST_ALL_VIDEO_ICN
0xA5F07F;;MEDIAPLAYER_PLAYLIST_DIRECT_LINK_ICN
0x58C654;;MEDIAPLAYER_PLAYLIST_ICN
0xCB0ED8;;MEDIAPLAYER_VOLUME_ICN
0xCE02D1;;MEDIAPLAYER_VOLUME_STEP_EMPTY_ICN
0x04DC98;;MEDIAPLAYER_VOLUME_STEP_FULL_ICN
0x83231D;;MEDIAPLAYER_VOLUME_STEP_HALF_FULL_ICN
0xE56549;;MEETING_ICN
0x87D2C3;;MENU_MSG_MANAGE_EMAILS_ICN
0x91246A;;MENU_MSG_MANAGE_MESSAGES_ICN
0xBFD763;;MENU_PHONEBOOK_LIST_ICN
0x49DEAE;;MENU_PHONEBOOK_UPDATE_LIST_ICN
0x257308;;MENU_WALKMAN_LIST_ICN
0x86748E;;MMS_MOPHUN_ICN
0xFCD8E8;;MP_NEW_PLAYLIST_ICN
0xD1D1F7;;MSG_UI_ADDRESS_TYPE_EMAIL_ICN
0x380FA1;;MSG_UI_DELIVERED_EMAIL_MESSAGE_LARGE_ICN
0x5702B0;;MSG_UI_DOWNLOADING_EMAIL_MESSAGE_ICN
0xB5198B;;MSG_UI_DOWNLOADING_EMAIL_MESSAGE_STATUS_BAR_ICN
0x643EC6;;MSG_UI_SOUND_RECORDING_TEMPLATE_STATUS_BAR_ICN
0x43D729;;NEW_NOKIA_PICTURE_MESSAGE_READ_ICN
0x96FDEC;;NEW_NOKIA_PICTURE_MESSAGE_UNREAD_ICN
0xCAE0A2;;OUTGOING_CALL_ANIM_01
0xCAE0A1;;OUTGOING_CALL_ANIM_02
0xCAE0A0;;OUTGOING_CALL_ANIM_03
0xCAE0A7;;OUTGOING_CALL_ANIM_04
0xE40395;;PHONECALL_ICN
0xC06A6A;;PIC_EDIT_BASE_ICN
0xB428BA;;PIC_EDIT_MENU_ICN
0xBDA097;;PIC_EDIT_PEN_DOWN_ICN
0x28551E;;PIC_EDIT_PEN_UP_ICN
0xEEAA11;;PIC_EDIT_STATUSBAR_ICN
0x6D28FE;;PIC_EDIT_TOOL_CLIPART_ICN
0xEA8912;;PIC_EDIT_TOOL_ELLIPSE_FILL_ICN
0x40392A;;PIC_EDIT_TOOL_ELLIPSE_ICN
0xDE1F7F;;PIC_EDIT_TOOL_LINE_ICN
0x3A077F;;PIC_EDIT_TOOL_PICKER_ICN
0x46E01E;;PIC_EDIT_TOOL_RECTANGLE_FILL_ICN
0x72888E;;PIC_EDIT_TOOL_RECTANGLE_ICN
0xFFD2EC;;PIC_EDIT_TOOL_TEXT_ICN
0x06BCA7;;PIC_EDIT_TOOL_ZOOM_ICN
0x6C7404;;PIC_PENSIZE_1_ICN
0xBD8AD2;;POPUP_ALARM_ICN
0xEAF3F9;;POPUP_PHONECALL_REMINDER_ICN
0xC4F522;;POPUP_REMINDER_ICN
0xAEA4A9;;POPUP_SAVED_GAME_ICN
0xA2A6ED;;POPUP_SAVED_JAVA_ICN
0x24ADDD;;POPUP_SAVED_PICTURE_ICN
0xF0DF3E;;POPUP_TASK_REMINDER_ICN
0xB1BEE7;;RN_SHORTCUT_LIST_MEDIA_CENTER_ICN
0x427A57;;RN_SHORTCUT_LIST_RADIO_ICN
0xEB6891;;RN_VERT_TITLE_ICN
0xF630D8;;ROFF_CAMERA_ICN
0xA95674;;ROFF_MEDIA_PLAYER_ICN
0x34D018;;SECOND_DISPLAY_BACKGROUND_ICN
0x9C1BAB;;SMS_CHAT_INCOMING_ICN
0x8C8FE3;;SMS_CHAT_OUTGOING_ICN
0x1702C7;;SMS_CHAT_PROMPT_ICN
0x90E68B;;SMS_ICN
0x0406D8;;SR_RECORD_ANIM_02_ICN
0x0406D9;;SR_RECORD_ANIM_03_ICN
0x0406DF;;SR_RECORD_ANIM_05_ICN
0x0406DC;;SR_RECORD_ANIM_06_ICN
0xE1C122;;TASK_MISC_ICN
0xB1276E;;TID_LIST_ICN
0x2DF80F;;TR_ALARM_SIGNAL_FMRADIO_MENU_ICN
0x37660B;;TR_ALARM_SIGNAL_SOUNDS_MENU_ICN
0xB8D7D9;;TRAVEL_ICN
0xF4A011;;UMTS_HOLDING_CALL_ICN
0x9AACF8;;UMTS_LIST_HELD_CALL_ICN
0xEA8943;;UMTS_LIST_MUTED_ICN
0x06C248;;UMTS_MUTING_MIC_ICN
0x6D0538;;UMTS_RETRIEVING_CALL_ICN
0x2D36A6;;UMTS_RETRYING_ICN
0x55C0EF;;UMTS_UNMUTING_MIC_ICN
0xFCF1B3;;WV_BUDDYLIST_MYSELF_LEFT_MARK_ICN
0xE85436;;WV_BUDDYLIST_MYSELF_RIGHT_MARK_ICN
0xCA061E;;WV_BUDDYLIST_PHONEBOOK_CONTACT_ICN
0x9DCDF9;;WV_BUDDYLIST_SPACING_ICN
0x7978E4;;WV_GROUP_JOINED_SELF_CREATED_ICN
0xE80EF9;;WV_GROUP_NOT_JOINED_SELF_CREATED_ICN
0x19B51C;;WV_MSN_BUDDYLIST_CONTACT_OFFLINE_MOBILE_ICN
0x8A5656;;WV_RN_CONTACT_AVAILABLE_NEW_MESSAGE_ICN
0x30ACF6;;WV_RN_CONTACT_DISCREET_NEW_MESSAGE_ICN
0xEB8F41;;WV_RN_CONTACT_NOT_AVAILABLE_NEW_MESSAGE_ICN
0xBF12D9;;WV_RN_CONTACT_OFFLINE_NEW_MESSAGE_ICN
0x45BD36;;WV_RN_CONTACT_STRANGER_NEW_MESSAGE_ICN
0xE36E48;;WV_RN_GROUP_NEW_MESSAGE_ICN
0x8EEF5E;;ZERO_ROW_SEPARATOR_ICN
